,Unnamed: 0,kyon_nums,captured_kyons,dead_kyons,born_kyons,increase
0,0.0,60.0,0.0,0.0,0.0,0.0
1,1.0,60.0,0.0,0.0,0.0,0.0
2,2.0,60.0,0.0,0.0,0.0,0.0
3,3.0,60.0,0.0,0.0,0.0,0.0
4,4.0,60.0,0.0,0.0,0.0,0.0
5,5.0,60.0,0.0,0.0,0.0,0.0
6,6.0,60.0,0.0,0.0,0.0,0.0
7,7.0,60.0,0.0,0.0,0.0,0.0
8,8.0,60.0,0.0,0.0,0.0,0.0
9,9.0,60.0,0.0,0.0,0.0,0.0
10,10.0,60.0,0.0,0.0,0.0,0.0
11,11.0,60.0,0.0,0.0,0.0,0.0
12,12.0,60.0,0.0,0.0,0.0,0.0
13,13.0,60.0,0.0,0.0,0.0,0.0
14,14.0,60.0,0.0,0.0,0.0,0.0
15,15.0,60.0,0.0,0.0,0.0,0.0
16,16.0,60.0,0.0,0.0,0.0,0.0
17,17.0,60.0,0.0,0.0,0.0,0.0
18,18.0,60.0,0.0,0.0,0.0,0.0
19,19.0,60.0,0.0,0.0,0.0,0.0
20,20.0,60.0,0.0,0.0,0.0,0.0
21,21.0,60.0,0.0,0.0,0.0,0.0
22,22.0,60.0,0.0,0.0,0.0,0.0
23,23.0,60.0,0.0,0.0,0.0,0.0
24,24.0,60.0,0.0,0.0,0.0,0.0
25,25.0,60.0,0.0,0.0,0.0,0.0
26,26.0,60.0,0.0,0.0,0.0,0.0
27,27.0,60.0,0.0,0.0,0.0,0.0
28,28.0,60.0,0.0,0.0,0.0,0.0
29,29.0,60.0,0.0,0.0,0.0,0.0
30,30.0,60.0,0.0,0.0,0.0,0.0
31,31.0,60.0,0.0,0.0,0.0,0.0
32,32.0,60.0,0.0,0.0,0.0,0.0
33,33.0,60.0,0.0,0.0,0.0,0.0
34,34.0,60.0,0.0,0.0,0.0,0.0
35,35.0,60.0,0.0,0.0,0.0,0.0
36,36.0,60.0,0.0,0.0,0.0,0.0
37,37.0,60.0,0.0,0.0,0.0,0.0
38,38.0,60.0,0.0,0.0,0.0,0.0
39,39.0,60.0,0.0,0.0,0.0,0.0
40,40.0,60.0,0.0,0.0,0.0,0.0
41,41.0,59.9,0.1,0.0,0.0,-0.1
42,42.0,59.9,0.0,0.0,0.0,0.0
43,43.0,59.9,0.0,0.0,0.0,0.0
44,44.0,59.9,0.0,0.0,0.0,0.0
45,45.0,59.9,0.0,0.0,0.0,0.0
46,46.0,59.9,0.0,0.0,0.0,0.0
47,47.0,59.9,0.0,0.0,0.0,0.0
48,48.0,59.9,0.0,0.0,0.0,0.0
49,49.0,59.9,0.0,0.0,0.0,0.0
50,50.0,59.9,0.0,0.0,0.0,0.0
51,51.0,59.9,0.0,0.0,0.0,0.0
52,52.0,59.9,0.0,0.0,0.0,0.0
53,53.0,59.9,0.0,0.0,0.0,0.0
54,54.0,59.9,0.0,0.0,0.0,0.0
55,55.0,59.9,0.0,0.0,0.0,0.0
56,56.0,59.9,0.0,0.0,0.0,0.0
57,57.0,59.9,0.0,0.0,0.0,0.0
58,58.0,59.9,0.0,0.0,0.0,0.0
59,59.0,59.9,0.0,0.0,0.0,0.0
60,60.0,59.9,0.0,0.0,0.0,0.0
61,61.0,59.9,0.0,0.0,0.0,0.0
62,62.0,59.9,0.0,0.0,0.0,0.0
63,63.0,59.9,0.0,0.0,0.0,0.0
64,64.0,59.9,0.0,0.0,0.0,0.0
65,65.0,59.9,0.0,0.0,0.0,0.0
66,66.0,59.9,0.0,0.0,0.0,0.0
67,67.0,59.9,0.0,0.0,0.0,0.0
68,68.0,59.8,0.0,0.1,0.0,-0.1
69,69.0,59.8,0.0,0.0,0.0,0.0
70,70.0,59.8,0.0,0.0,0.0,0.0
71,71.0,59.8,0.0,0.0,0.0,0.0
72,72.0,59.8,0.0,0.0,0.0,0.0
73,73.0,59.8,0.0,0.0,0.0,0.0
74,74.0,59.8,0.0,0.0,0.0,0.0
75,75.0,59.8,0.0,0.0,0.0,0.0
76,76.0,59.8,0.0,0.0,0.0,0.0
77,77.0,59.8,0.0,0.0,0.0,0.0
78,78.0,59.8,0.0,0.0,0.0,0.0
79,79.0,59.8,0.0,0.0,0.0,0.0
80,80.0,59.8,0.0,0.0,0.0,0.0
81,81.0,59.8,0.0,0.0,0.0,0.0
82,82.0,59.8,0.0,0.0,0.0,0.0
83,83.0,59.8,0.0,0.0,0.0,0.0
84,84.0,59.8,0.0,0.0,0.0,0.0
85,85.0,59.8,0.0,0.0,0.0,0.0
86,86.0,59.8,0.0,0.0,0.0,0.0
87,87.0,59.8,0.0,0.0,0.0,0.0
88,88.0,59.8,0.0,0.0,0.0,0.0
89,89.0,59.8,0.0,0.0,0.0,0.0
90,90.0,59.8,0.0,0.0,0.0,0.0
91,91.0,59.8,0.0,0.0,0.0,0.0
92,92.0,59.8,0.0,0.0,0.0,0.0
93,93.0,59.8,0.0,0.0,0.0,0.0
94,94.0,59.8,0.0,0.0,0.0,0.0
95,95.0,59.8,0.0,0.0,0.0,0.0
96,96.0,59.8,0.0,0.0,0.0,0.0
97,97.0,59.8,0.0,0.0,0.0,0.0
98,98.0,59.8,0.0,0.0,0.0,0.0
99,99.0,59.8,0.0,0.0,0.0,0.0
100,100.0,59.8,0.0,0.0,0.0,0.0
101,101.0,59.8,0.0,0.0,0.0,0.0
102,102.0,59.8,0.0,0.0,0.0,0.0
103,103.0,59.8,0.0,0.0,0.0,0.0
104,104.0,59.8,0.0,0.0,0.0,0.0
105,105.0,59.8,0.0,0.0,0.0,0.0
106,106.0,59.8,0.0,0.0,0.0,0.0
107,107.0,59.8,0.0,0.0,0.0,0.0
108,108.0,59.8,0.0,0.0,0.0,0.0
109,109.0,59.8,0.0,0.0,0.0,0.0
110,110.0,59.8,0.0,0.0,0.0,0.0
111,111.0,59.7,0.0,0.1,0.0,-0.1
112,112.0,59.7,0.0,0.0,0.0,0.0
113,113.0,59.7,0.0,0.0,0.0,0.0
114,114.0,59.6,0.0,0.1,0.0,-0.1
115,115.0,59.6,0.0,0.0,0.0,0.0
116,116.0,59.6,0.0,0.0,0.0,0.0
117,117.0,59.5,0.0,0.1,0.0,-0.1
118,118.0,59.5,0.0,0.0,0.0,0.0
119,119.0,59.5,0.0,0.0,0.0,0.0
120,120.0,59.5,0.0,0.0,0.0,0.0
121,121.0,59.5,0.0,0.0,0.0,0.0
122,122.0,59.5,0.0,0.0,0.0,0.0
123,123.0,59.5,0.0,0.0,0.0,0.0
124,124.0,59.5,0.0,0.0,0.0,0.0
125,125.0,59.5,0.0,0.0,0.0,0.0
126,126.0,59.5,0.0,0.0,0.0,0.0
127,127.0,59.5,0.0,0.0,0.0,0.0
128,128.0,59.5,0.0,0.0,0.0,0.0
129,129.0,59.5,0.0,0.0,0.0,0.0
130,130.0,59.5,0.0,0.0,0.0,0.0
131,131.0,59.5,0.0,0.0,0.0,0.0
132,132.0,59.5,0.0,0.0,0.0,0.0
133,133.0,59.5,0.0,0.0,0.0,0.0
134,134.0,59.5,0.0,0.0,0.0,0.0
135,135.0,59.5,0.0,0.0,0.0,0.0
136,136.0,59.5,0.0,0.0,0.0,0.0
137,137.0,59.5,0.0,0.0,0.0,0.0
138,138.0,59.5,0.0,0.0,0.0,0.0
139,139.0,59.5,0.0,0.0,0.0,0.0
140,140.0,59.5,0.0,0.0,0.0,0.0
141,141.0,59.5,0.0,0.0,0.0,0.0
142,142.0,59.5,0.0,0.0,0.0,0.0
143,143.0,59.5,0.0,0.0,0.0,0.0
144,144.0,59.5,0.0,0.0,0.0,0.0
145,145.0,59.5,0.0,0.0,0.0,0.0
146,146.0,59.5,0.0,0.0,0.0,0.0
147,147.0,59.5,0.0,0.0,0.0,0.0
148,148.0,59.5,0.0,0.0,0.0,0.0
149,149.0,59.7,0.0,0.0,0.2,0.2
150,150.0,59.8,0.0,0.0,0.1,0.1
151,151.0,60.0,0.0,0.0,0.2,0.2
152,152.0,60.4,0.0,0.0,0.4,0.4
153,153.0,60.4,0.0,0.0,0.0,0.0
154,154.0,60.5,0.0,0.0,0.1,0.1
155,155.0,60.7,0.0,0.0,0.2,0.2
156,156.0,60.8,0.0,0.0,0.1,0.1
157,157.0,60.8,0.0,0.0,0.0,0.0
158,158.0,61.1,0.0,0.0,0.3,0.3
159,159.0,61.2,0.0,0.0,0.1,0.1
160,160.0,61.4,0.0,0.0,0.2,0.2
161,161.0,61.6,0.0,0.0,0.2,0.2
162,162.0,61.7,0.0,0.0,0.1,0.1
163,163.0,61.9,0.0,0.0,0.2,0.2
164,164.0,62.0,0.0,0.0,0.1,0.1
165,165.0,62.1,0.0,0.0,0.1,0.1
166,166.0,62.1,0.0,0.0,0.0,0.0
167,167.0,62.1,0.0,0.0,0.0,0.0
168,168.0,62.2,0.0,0.0,0.1,0.1
169,169.0,62.4,0.0,0.0,0.2,0.2
170,170.0,62.7,0.0,0.0,0.3,0.3
171,171.0,63.1,0.0,0.0,0.4,0.4
172,172.0,63.1,0.0,0.0,0.0,0.0
173,173.0,63.2,0.0,0.0,0.1,0.1
174,174.0,63.7,0.0,0.0,0.5,0.5
175,175.0,63.8,0.0,0.0,0.1,0.1
176,176.0,64.0,0.0,0.0,0.2,0.2
177,177.0,64.0,0.0,0.0,0.0,0.0
178,178.0,64.2,0.0,0.0,0.2,0.2
179,179.0,64.3,0.0,0.0,0.1,0.1
180,180.0,64.4,0.0,0.0,0.1,0.1
181,181.0,64.6,0.0,0.0,0.2,0.2
182,182.0,64.8,0.0,0.0,0.2,0.2
183,183.0,64.8,0.0,0.0,0.0,0.0
184,184.0,64.9,0.0,0.0,0.1,0.1
185,185.0,65.3,0.0,0.0,0.4,0.4
186,186.0,65.3,0.0,0.0,0.0,0.0
187,187.0,65.4,0.0,0.0,0.1,0.1
188,188.0,65.4,0.0,0.0,0.0,0.0
189,189.0,65.5,0.0,0.0,0.1,0.1
190,190.0,65.6,0.0,0.0,0.1,0.1
191,191.0,65.7,0.0,0.0,0.1,0.1
192,192.0,65.8,0.0,0.0,0.1,0.1
193,193.0,65.9,0.0,0.0,0.1,0.1
194,194.0,66.0,0.0,0.0,0.1,0.1
195,195.0,66.0,0.0,0.0,0.0,0.0
196,196.0,66.0,0.0,0.0,0.0,0.0
197,197.0,66.3,0.0,0.0,0.3,0.3
198,198.0,66.2,0.0,0.1,0.0,-0.1
199,199.0,66.3,0.0,0.0,0.1,0.1
200,200.0,66.3,0.0,0.0,0.0,0.0
201,201.0,66.4,0.0,0.0,0.1,0.1
202,202.0,66.5,0.0,0.0,0.1,0.1
203,203.0,66.5,0.0,0.0,0.0,0.0
204,204.0,66.5,0.0,0.0,0.0,0.0
205,205.0,66.6,0.0,0.0,0.1,0.1
206,206.0,66.6,0.0,0.0,0.0,0.0
207,207.0,66.7,0.0,0.0,0.1,0.1
208,208.0,67.1,0.0,0.0,0.4,0.4
209,209.0,67.4,0.0,0.0,0.3,0.3
210,210.0,67.4,0.1,0.0,0.1,0.0
211,211.0,67.6,0.0,0.0,0.2,0.2
212,212.0,67.7,0.0,0.0,0.1,0.1
213,213.0,67.9,0.0,0.0,0.2,0.2
214,214.0,67.9,0.0,0.0,0.0,0.0
215,215.0,68.1,0.0,0.0,0.2,0.2
216,216.0,68.2,0.0,0.0,0.1,0.1
217,217.0,68.3,0.0,0.0,0.1,0.1
218,218.0,68.2,0.0,0.1,0.0,-0.1
219,219.0,68.2,0.0,0.0,0.0,0.0
220,220.0,68.3,0.0,0.0,0.1,0.1
221,221.0,68.3,0.0,0.0,0.0,0.0
222,222.0,68.5,0.0,0.0,0.2,0.2
223,223.0,68.6,0.0,0.0,0.1,0.1
224,224.0,68.6,0.0,0.0,0.0,0.0
225,225.0,68.6,0.0,0.0,0.0,0.0
226,226.0,68.8,0.0,0.0,0.2,0.2
227,227.0,69.1,0.0,0.0,0.3,0.3
228,228.0,69.1,0.0,0.0,0.0,0.0
229,229.0,69.4,0.0,0.0,0.3,0.3
230,230.0,69.4,0.0,0.0,0.0,0.0
231,231.0,69.7,0.0,0.0,0.3,0.3
232,232.0,69.7,0.0,0.0,0.0,0.0
233,233.0,70.1,0.0,0.0,0.4,0.4
234,234.0,70.2,0.0,0.0,0.1,0.1
235,235.0,70.2,0.0,0.0,0.0,0.0
236,236.0,70.6,0.0,0.0,0.4,0.4
237,237.0,70.6,0.0,0.0,0.0,0.0
238,238.0,70.7,0.0,0.0,0.1,0.1
239,239.0,70.8,0.0,0.0,0.1,0.1
240,240.0,70.8,0.0,0.0,0.0,0.0
241,241.0,70.9,0.0,0.0,0.1,0.1
242,242.0,71.0,0.0,0.0,0.1,0.1
243,243.0,71.1,0.0,0.0,0.1,0.1
244,244.0,71.2,0.0,0.0,0.1,0.1
245,245.0,71.1,0.0,0.1,0.0,-0.1
246,246.0,71.3,0.0,0.0,0.2,0.2
247,247.0,71.4,0.0,0.0,0.1,0.1
248,248.0,71.4,0.0,0.0,0.0,0.0
249,249.0,71.5,0.0,0.0,0.1,0.1
250,250.0,71.5,0.0,0.0,0.0,0.0
251,251.0,71.7,0.0,0.0,0.2,0.2
252,252.0,72.0,0.0,0.0,0.3,0.3
253,253.0,72.0,0.0,0.0,0.0,0.0
254,254.0,72.2,0.0,0.0,0.2,0.2
255,255.0,72.5,0.0,0.0,0.3,0.3
256,256.0,72.5,0.0,0.0,0.0,0.0
257,257.0,72.5,0.0,0.0,0.0,0.0
258,258.0,72.6,0.0,0.0,0.1,0.1
259,259.0,72.7,0.0,0.0,0.1,0.1
260,260.0,72.9,0.0,0.0,0.2,0.2
261,261.0,73.1,0.0,0.0,0.2,0.2
262,262.0,73.1,0.0,0.0,0.0,0.0
263,263.0,73.1,0.0,0.0,0.0,0.0
264,264.0,73.3,0.0,0.0,0.2,0.2
265,265.0,73.4,0.0,0.0,0.1,0.1
266,266.0,73.5,0.0,0.0,0.1,0.1
267,267.0,73.7,0.0,0.0,0.2,0.2
268,268.0,73.7,0.0,0.0,0.0,0.0
269,269.0,73.7,0.0,0.0,0.0,0.0
270,270.0,73.8,0.0,0.0,0.1,0.1
271,271.0,73.9,0.0,0.0,0.1,0.1
272,272.0,74.1,0.0,0.0,0.2,0.2
273,273.0,74.2,0.0,0.0,0.1,0.1
274,274.0,74.2,0.0,0.0,0.0,0.0
275,275.0,74.4,0.0,0.0,0.2,0.2
276,276.0,74.6,0.0,0.0,0.2,0.2
277,277.0,74.8,0.0,0.0,0.2,0.2
278,278.0,74.9,0.0,0.0,0.1,0.1
279,279.0,74.9,0.0,0.0,0.0,0.0
280,280.0,75.0,0.0,0.0,0.1,0.1
281,281.0,75.4,0.0,0.0,0.4,0.4
282,282.0,75.6,0.0,0.0,0.2,0.2
283,283.0,75.9,0.0,0.0,0.3,0.3
284,284.0,75.9,0.0,0.0,0.0,0.0
285,285.0,76.0,0.0,0.0,0.1,0.1
286,286.0,76.0,0.0,0.0,0.0,0.0
287,287.0,76.4,0.0,0.0,0.4,0.4
288,288.0,76.5,0.0,0.0,0.1,0.1
289,289.0,76.7,0.0,0.0,0.2,0.2
290,290.0,76.8,0.0,0.0,0.1,0.1
291,291.0,76.8,0.0,0.0,0.0,0.0
292,292.0,76.9,0.0,0.0,0.1,0.1
293,293.0,77.2,0.0,0.0,0.3,0.3
294,294.0,77.3,0.0,0.0,0.1,0.1
295,295.0,77.2,0.1,0.0,0.0,-0.1
296,296.0,77.2,0.0,0.0,0.0,0.0
297,297.0,77.6,0.0,0.0,0.4,0.4
298,298.0,77.7,0.0,0.0,0.1,0.1
299,299.0,77.8,0.0,0.0,0.1,0.1
300,300.0,77.8,0.0,0.0,0.0,0.0
301,301.0,78.0,0.0,0.0,0.2,0.2
302,302.0,78.1,0.0,0.0,0.1,0.1
303,303.0,78.2,0.0,0.0,0.1,0.1
304,304.0,78.3,0.0,0.0,0.1,0.1
305,305.0,78.5,0.0,0.0,0.2,0.2
306,306.0,78.6,0.0,0.0,0.1,0.1
307,307.0,78.6,0.0,0.0,0.0,0.0
308,308.0,79.0,0.0,0.0,0.4,0.4
309,309.0,79.3,0.0,0.0,0.3,0.3
310,310.0,79.5,0.0,0.0,0.2,0.2
311,311.0,79.6,0.0,0.0,0.1,0.1
312,312.0,80.1,0.0,0.0,0.5,0.5
313,313.0,80.2,0.0,0.0,0.1,0.1
314,314.0,80.3,0.0,0.0,0.1,0.1
315,315.0,80.4,0.0,0.0,0.1,0.1
316,316.0,80.7,0.0,0.0,0.3,0.3
317,317.0,81.2,0.0,0.0,0.5,0.5
318,318.0,81.4,0.0,0.0,0.2,0.2
319,319.0,81.7,0.0,0.0,0.3,0.3
320,320.0,81.8,0.0,0.0,0.1,0.1
321,321.0,81.8,0.0,0.1,0.1,0.0
322,322.0,82.1,0.0,0.0,0.3,0.3
323,323.0,82.2,0.0,0.1,0.2,0.1
324,324.0,82.3,0.0,0.0,0.1,0.1
325,325.0,82.5,0.0,0.0,0.2,0.2
326,326.0,82.7,0.0,0.0,0.2,0.2
327,327.0,82.7,0.0,0.0,0.0,0.0
328,328.0,83.1,0.0,0.0,0.4,0.4
329,329.0,83.4,0.0,0.0,0.3,0.3
330,330.0,83.5,0.0,0.0,0.1,0.1
331,331.0,83.6,0.0,0.0,0.1,0.1
332,332.0,83.7,0.0,0.0,0.1,0.1
333,333.0,83.8,0.0,0.0,0.1,0.1
334,334.0,84.0,0.0,0.0,0.2,0.2
335,335.0,84.0,0.0,0.0,0.0,0.0
336,336.0,84.0,0.0,0.0,0.0,0.0
337,337.0,84.2,0.0,0.1,0.3,0.2
338,338.0,84.3,0.0,0.0,0.1,0.1
339,339.0,84.5,0.0,0.0,0.2,0.2
340,340.0,84.7,0.0,0.0,0.2,0.2
341,341.0,84.9,0.0,0.0,0.2,0.2
342,342.0,85.1,0.0,0.0,0.2,0.2
343,343.0,85.1,0.0,0.0,0.0,0.0
344,344.0,85.2,0.0,0.0,0.1,0.1
345,345.0,85.3,0.0,0.0,0.1,0.1
346,346.0,85.6,0.0,0.0,0.3,0.3
347,347.0,85.7,0.0,0.0,0.1,0.1
348,348.0,85.9,0.0,0.0,0.2,0.2
349,349.0,86.0,0.0,0.0,0.1,0.1
350,350.0,86.0,0.0,0.0,0.0,0.0
351,351.0,86.2,0.0,0.0,0.2,0.2
352,352.0,86.2,0.0,0.0,0.0,0.0
353,353.0,86.2,0.0,0.0,0.0,0.0
354,354.0,86.3,0.0,0.0,0.1,0.1
355,355.0,86.5,0.0,0.0,0.2,0.2
356,356.0,86.6,0.0,0.0,0.1,0.1
357,357.0,86.7,0.1,0.0,0.2,0.1
358,358.0,86.9,0.0,0.0,0.2,0.2
359,359.0,87.0,0.0,0.0,0.1,0.1
360,360.0,87.4,0.0,0.0,0.4,0.4
361,361.0,87.8,0.0,0.0,0.4,0.4
362,362.0,87.8,0.0,0.0,0.0,0.0
363,363.0,88.0,0.0,0.0,0.2,0.2
364,364.0,88.0,0.0,0.0,0.0,0.0
365,365.0,88.2,0.0,0.1,0.3,0.2
366,366.0,88.3,0.0,0.0,0.1,0.1
367,367.0,88.5,0.0,0.0,0.2,0.2
368,368.0,88.8,0.0,0.0,0.3,0.3
369,369.0,89.0,0.0,0.0,0.2,0.2
370,370.0,89.1,0.0,0.0,0.1,0.1
371,371.0,89.3,0.0,0.0,0.2,0.2
372,372.0,89.4,0.0,0.0,0.1,0.1
373,373.0,89.4,0.0,0.0,0.0,0.0
374,374.0,89.5,0.0,0.0,0.1,0.1
375,375.0,89.4,0.0,0.1,0.0,-0.1
376,376.0,89.7,0.0,0.0,0.3,0.3
377,377.0,89.7,0.0,0.0,0.0,0.0
378,378.0,89.7,0.0,0.0,0.0,0.0
379,379.0,90.0,0.0,0.0,0.3,0.3
380,380.0,90.1,0.0,0.0,0.1,0.1
381,381.0,90.2,0.0,0.0,0.1,0.1
382,382.0,90.3,0.0,0.0,0.1,0.1
383,383.0,90.3,0.1,0.0,0.1,0.0
384,384.0,90.4,0.0,0.0,0.1,0.1
385,385.0,90.6,0.0,0.0,0.2,0.2
386,386.0,90.7,0.0,0.0,0.1,0.1
387,387.0,90.9,0.0,0.1,0.3,0.2
388,388.0,90.9,0.0,0.0,0.0,0.0
389,389.0,90.9,0.0,0.0,0.0,0.0
390,390.0,91.0,0.0,0.0,0.1,0.1
391,391.0,91.3,0.0,0.0,0.3,0.3
392,392.0,91.6,0.0,0.0,0.3,0.3
393,393.0,91.9,0.0,0.0,0.3,0.3
394,394.0,92.0,0.0,0.0,0.1,0.1
395,395.0,92.0,0.0,0.1,0.1,0.0
396,396.0,92.0,0.0,0.0,0.0,0.0
397,397.0,92.5,0.0,0.0,0.5,0.5
398,398.0,92.7,0.0,0.0,0.2,0.2
399,399.0,92.9,0.0,0.0,0.2,0.2
400,400.0,93.1,0.0,0.0,0.2,0.2
401,401.0,93.2,0.0,0.0,0.1,0.1
402,402.0,93.4,0.0,0.0,0.2,0.2
403,403.0,93.4,0.0,0.0,0.0,0.0
404,404.0,93.7,0.0,0.0,0.3,0.3
405,405.0,93.9,0.0,0.0,0.2,0.2
406,406.0,94.1,0.0,0.0,0.2,0.2
407,407.0,94.4,0.0,0.0,0.3,0.3
408,408.0,94.5,0.0,0.0,0.1,0.1
409,409.0,94.7,0.0,0.0,0.2,0.2
410,410.0,94.7,0.0,0.0,0.0,0.0
411,411.0,94.8,0.0,0.0,0.1,0.1
412,412.0,95.1,0.0,0.0,0.3,0.3
413,413.0,95.3,0.0,0.0,0.2,0.2
414,414.0,95.4,0.0,0.1,0.2,0.1
415,415.0,95.7,0.0,0.0,0.3,0.3
416,416.0,95.8,0.0,0.0,0.1,0.1
417,417.0,96.0,0.0,0.0,0.2,0.2
418,418.0,96.1,0.0,0.1,0.2,0.1
419,419.0,96.2,0.0,0.0,0.1,0.1
420,420.0,96.7,0.0,0.0,0.5,0.5
421,421.0,96.8,0.0,0.1,0.2,0.1
422,422.0,96.9,0.0,0.0,0.1,0.1
423,423.0,97.1,0.0,0.0,0.2,0.2
424,424.0,97.2,0.0,0.1,0.2,0.1
425,425.0,97.5,0.0,0.0,0.3,0.3
426,426.0,97.7,0.0,0.0,0.2,0.2
427,427.0,97.9,0.0,0.0,0.2,0.2
428,428.0,98.1,0.0,0.0,0.2,0.2
429,429.0,98.3,0.0,0.0,0.2,0.2
430,430.0,98.5,0.0,0.0,0.2,0.2
431,431.0,98.7,0.0,0.0,0.2,0.2
432,432.0,98.7,0.0,0.0,0.0,0.0
433,433.0,99.0,0.0,0.0,0.3,0.3
434,434.0,99.2,0.0,0.0,0.2,0.2
435,435.0,99.9,0.0,0.0,0.7,0.7
436,436.0,100.1,0.0,0.0,0.2,0.2
437,437.0,100.0,0.0,0.2,0.1,-0.1
438,438.0,99.9,0.0,0.1,0.0,-0.1
439,439.0,99.9,0.0,0.0,0.0,0.0
440,440.0,100.0,0.0,0.0,0.1,0.1
441,441.0,100.1,0.0,0.0,0.1,0.1
442,442.0,100.1,0.0,0.0,0.0,0.0
443,443.0,100.2,0.0,0.0,0.1,0.1
444,444.0,100.4,0.0,0.0,0.2,0.2
445,445.0,100.5,0.0,0.0,0.1,0.1
446,446.0,100.7,0.0,0.0,0.2,0.2
447,447.0,100.8,0.0,0.0,0.1,0.1
448,448.0,101.1,0.0,0.0,0.3,0.3
449,449.0,101.3,0.0,0.0,0.2,0.2
450,450.0,101.3,0.0,0.0,0.0,0.0
451,451.0,101.5,0.0,0.0,0.2,0.2
452,452.0,101.5,0.0,0.0,0.0,0.0
453,453.0,101.6,0.0,0.1,0.2,0.1
454,454.0,101.7,0.0,0.0,0.1,0.1
455,455.0,101.8,0.0,0.0,0.1,0.1
456,456.0,102.1,0.0,0.0,0.3,0.3
457,457.0,102.4,0.0,0.0,0.3,0.3
458,458.0,102.5,0.0,0.0,0.1,0.1
459,459.0,102.5,0.0,0.0,0.0,0.0
460,460.0,102.6,0.0,0.0,0.1,0.1
461,461.0,102.7,0.0,0.0,0.1,0.1
462,462.0,102.9,0.0,0.0,0.2,0.2
463,463.0,103.0,0.0,0.0,0.1,0.1
464,464.0,103.2,0.0,0.0,0.2,0.2
465,465.0,103.5,0.0,0.0,0.3,0.3
466,466.0,103.8,0.0,0.0,0.3,0.3
467,467.0,103.8,0.0,0.0,0.0,0.0
468,468.0,103.9,0.0,0.0,0.1,0.1
469,469.0,103.9,0.1,0.0,0.1,0.0
470,470.0,104.4,0.0,0.0,0.5,0.5
471,471.0,104.4,0.0,0.0,0.0,0.0
472,472.0,104.6,0.0,0.0,0.2,0.2
473,473.0,104.8,0.0,0.0,0.2,0.2
474,474.0,105.1,0.0,0.0,0.3,0.3
475,475.0,105.2,0.0,0.0,0.1,0.1
476,476.0,105.5,0.0,0.0,0.3,0.3
477,477.0,105.6,0.0,0.1,0.2,0.1
478,478.0,105.8,0.0,0.0,0.2,0.2
479,479.0,105.8,0.0,0.0,0.0,0.0
480,480.0,106.1,0.0,0.0,0.3,0.3
481,481.0,106.2,0.0,0.0,0.1,0.1
482,482.0,106.4,0.0,0.0,0.2,0.2
483,483.0,106.4,0.0,0.0,0.0,0.0
484,484.0,106.8,0.0,0.0,0.4,0.4
485,485.0,107.1,0.0,0.0,0.3,0.3
486,486.0,107.2,0.0,0.0,0.1,0.1
487,487.0,107.3,0.0,0.0,0.1,0.1
488,488.0,107.8,0.0,0.0,0.5,0.5
489,489.0,108.1,0.0,0.0,0.3,0.3
490,490.0,108.3,0.0,0.0,0.2,0.2
491,491.0,108.4,0.0,0.0,0.1,0.1
492,492.0,108.4,0.0,0.0,0.0,0.0
493,493.0,108.5,0.0,0.0,0.1,0.1
494,494.0,108.7,0.0,0.0,0.2,0.2
495,495.0,108.7,0.0,0.0,0.0,0.0
496,496.0,109.0,0.0,0.0,0.3,0.3
497,497.0,109.4,0.0,0.0,0.4,0.4
498,498.0,109.6,0.0,0.0,0.2,0.2
499,499.0,109.8,0.0,0.0,0.2,0.2
500,500.0,110.1,0.0,0.0,0.3,0.3
501,501.0,110.3,0.0,0.0,0.2,0.2
502,502.0,110.8,0.0,0.0,0.5,0.5
503,503.0,111.1,0.0,0.0,0.3,0.3
504,504.0,111.2,0.0,0.0,0.1,0.1
505,505.0,111.6,0.0,0.0,0.4,0.4
506,506.0,111.7,0.0,0.0,0.1,0.1
507,507.0,111.7,0.0,0.1,0.1,0.0
508,508.0,111.7,0.0,0.0,0.0,0.0
509,509.0,111.9,0.0,0.0,0.2,0.2
510,510.0,112.0,0.0,0.0,0.1,0.1
511,511.0,112.2,0.0,0.0,0.2,0.2
512,512.0,112.3,0.0,0.2,0.3,0.1
513,513.0,112.6,0.0,0.0,0.3,0.3
514,514.0,112.9,0.0,0.0,0.3,0.3
515,515.0,113.1,0.0,0.0,0.2,0.2
516,516.0,113.2,0.1,0.0,0.2,0.1
517,517.0,113.6,0.0,0.0,0.4,0.4
518,518.0,113.9,0.0,0.0,0.3,0.3
519,519.0,114.0,0.0,0.0,0.1,0.1
520,520.0,114.2,0.0,0.0,0.2,0.2
521,521.0,114.4,0.0,0.0,0.2,0.2
522,522.0,114.5,0.0,0.0,0.1,0.1
523,523.0,114.9,0.0,0.0,0.4,0.4
524,524.0,115.2,0.0,0.0,0.3,0.3
525,525.0,115.5,0.0,0.0,0.3,0.3
526,526.0,115.7,0.0,0.0,0.2,0.2
527,527.0,115.7,0.0,0.0,0.0,0.0
528,528.0,115.9,0.0,0.0,0.2,0.2
529,529.0,116.6,0.0,0.0,0.7,0.7
530,530.0,116.9,0.0,0.0,0.3,0.3
531,531.0,117.0,0.0,0.0,0.1,0.1
532,532.0,117.1,0.0,0.0,0.1,0.1
533,533.0,117.2,0.0,0.0,0.1,0.1
534,534.0,117.4,0.0,0.0,0.2,0.2
535,535.0,117.4,0.0,0.0,0.0,0.0
536,536.0,117.7,0.0,0.1,0.4,0.3
537,537.0,118.0,0.0,0.0,0.3,0.3
538,538.0,118.1,0.0,0.0,0.1,0.1
539,539.0,118.1,0.0,0.1,0.1,0.0
540,540.0,118.4,0.0,0.0,0.3,0.3
541,541.0,118.5,0.0,0.0,0.1,0.1
542,542.0,118.6,0.0,0.0,0.1,0.1
543,543.0,118.9,0.0,0.0,0.3,0.3
544,544.0,118.9,0.0,0.0,0.0,0.0
545,545.0,118.9,0.0,0.0,0.0,0.0
546,546.0,119.2,0.0,0.0,0.3,0.3
547,547.0,119.5,0.0,0.0,0.3,0.3
548,548.0,119.4,0.0,0.1,0.0,-0.1
549,549.0,119.6,0.0,0.1,0.3,0.2
550,550.0,119.7,0.0,0.1,0.2,0.1
551,551.0,120.1,0.0,0.0,0.4,0.4
552,552.0,120.6,0.0,0.0,0.5,0.5
553,553.0,120.6,0.0,0.1,0.1,0.0
554,554.0,120.6,0.0,0.0,0.0,0.0
555,555.0,121.0,0.0,0.0,0.4,0.4
556,556.0,121.2,0.0,0.0,0.2,0.2
557,557.0,121.4,0.0,0.0,0.2,0.2
558,558.0,121.7,0.0,0.0,0.3,0.3
559,559.0,121.9,0.0,0.0,0.2,0.2
560,560.0,122.1,0.0,0.0,0.2,0.2
561,561.0,122.3,0.0,0.0,0.2,0.2
562,562.0,122.5,0.0,0.0,0.2,0.2
563,563.0,122.7,0.0,0.0,0.2,0.2
564,564.0,122.9,0.0,0.0,0.2,0.2
565,565.0,123.1,0.0,0.0,0.2,0.2
566,566.0,123.2,0.0,0.0,0.1,0.1
567,567.0,123.5,0.0,0.0,0.3,0.3
568,568.0,123.8,0.1,0.0,0.4,0.3
569,569.0,124.2,0.0,0.0,0.4,0.4
570,570.0,124.4,0.0,0.0,0.2,0.2
571,571.0,124.6,0.0,0.0,0.2,0.2
572,572.0,124.7,0.0,0.0,0.1,0.1
573,573.0,125.0,0.0,0.0,0.3,0.3
574,574.0,125.3,0.0,0.0,0.3,0.3
575,575.0,125.5,0.0,0.0,0.2,0.2
576,576.0,125.7,0.0,0.0,0.2,0.2
577,577.0,125.9,0.0,0.0,0.2,0.2
578,578.0,126.0,0.0,0.0,0.1,0.1
579,579.0,126.1,0.0,0.0,0.1,0.1
580,580.0,126.2,0.1,0.0,0.2,0.1
581,581.0,126.2,0.0,0.0,0.0,0.0
582,582.0,126.3,0.0,0.0,0.1,0.1
583,583.0,126.5,0.0,0.0,0.2,0.2
584,584.0,126.7,0.0,0.0,0.2,0.2
585,585.0,126.9,0.0,0.0,0.2,0.2
586,586.0,127.0,0.0,0.0,0.1,0.1
587,587.0,127.2,0.0,0.0,0.2,0.2
588,588.0,127.5,0.0,0.0,0.3,0.3
589,589.0,127.7,0.0,0.0,0.2,0.2
590,590.0,127.9,0.0,0.0,0.2,0.2
591,591.0,128.0,0.0,0.0,0.1,0.1
592,592.0,128.3,0.0,0.0,0.3,0.3
593,593.0,128.4,0.0,0.0,0.1,0.1
594,594.0,128.9,0.0,0.0,0.5,0.5
595,595.0,129.0,0.0,0.0,0.1,0.1
596,596.0,129.3,0.0,0.0,0.3,0.3
597,597.0,129.5,0.0,0.0,0.2,0.2
598,598.0,129.7,0.0,0.0,0.2,0.2
599,599.0,130.0,0.0,0.0,0.3,0.3
600,600.0,130.1,0.0,0.0,0.1,0.1
601,601.0,130.5,0.0,0.0,0.4,0.4
602,602.0,130.5,0.0,0.0,0.0,0.0
603,603.0,130.5,0.0,0.0,0.0,0.0
604,604.0,130.6,0.0,0.0,0.1,0.1
605,605.0,130.8,0.0,0.0,0.2,0.2
606,606.0,131.3,0.0,0.0,0.5,0.5
607,607.0,131.3,0.0,0.0,0.0,0.0
608,608.0,131.8,0.0,0.0,0.5,0.5
609,609.0,131.8,0.0,0.0,0.0,0.0
610,610.0,132.2,0.0,0.1,0.5,0.4
611,611.0,132.5,0.0,0.0,0.3,0.3
612,612.0,132.9,0.0,0.0,0.4,0.4
613,613.0,133.1,0.0,0.0,0.2,0.2
614,614.0,133.4,0.0,0.0,0.3,0.3
615,615.0,133.5,0.1,0.0,0.2,0.1
616,616.0,133.6,0.0,0.0,0.1,0.1
617,617.0,134.1,0.0,0.0,0.5,0.5
618,618.0,134.1,0.0,0.0,0.0,0.0
619,619.0,134.3,0.0,0.0,0.2,0.2
620,620.0,134.4,0.0,0.0,0.1,0.1
621,621.0,134.3,0.0,0.1,0.0,-0.1
622,622.0,134.3,0.0,0.0,0.0,0.0
623,623.0,134.5,0.0,0.0,0.2,0.2
624,624.0,134.7,0.0,0.0,0.2,0.2
625,625.0,134.9,0.0,0.0,0.2,0.2
626,626.0,135.2,0.0,0.0,0.3,0.3
627,627.0,135.5,0.0,0.0,0.3,0.3
628,628.0,135.6,0.0,0.0,0.1,0.1
629,629.0,135.9,0.0,0.0,0.3,0.3
630,630.0,136.3,0.0,0.0,0.4,0.4
631,631.0,136.6,0.0,0.0,0.3,0.3
632,632.0,136.8,0.0,0.0,0.2,0.2
633,633.0,136.9,0.0,0.0,0.1,0.1
634,634.0,137.2,0.0,0.0,0.3,0.3
635,635.0,137.5,0.0,0.0,0.3,0.3
636,636.0,137.7,0.0,0.0,0.2,0.2
637,637.0,138.0,0.0,0.0,0.3,0.3
638,638.0,138.3,0.0,0.0,0.3,0.3
639,639.0,138.7,0.0,0.0,0.4,0.4
640,640.0,138.6,0.0,0.1,0.0,-0.1
641,641.0,139.3,0.0,0.1,0.8,0.7
642,642.0,139.5,0.0,0.0,0.2,0.2
643,643.0,139.6,0.0,0.0,0.1,0.1
644,644.0,139.8,0.0,0.0,0.2,0.2
645,645.0,139.8,0.0,0.0,0.0,0.0
646,646.0,139.9,0.0,0.0,0.1,0.1
647,647.0,140.0,0.0,0.0,0.1,0.1
648,648.0,140.4,0.0,0.0,0.4,0.4
649,649.0,140.7,0.0,0.0,0.3,0.3
650,650.0,141.0,0.0,0.0,0.3,0.3
651,651.0,141.5,0.0,0.0,0.5,0.5
652,652.0,141.6,0.0,0.0,0.1,0.1
653,653.0,141.8,0.0,0.0,0.2,0.2
654,654.0,141.8,0.0,0.0,0.0,0.0
655,655.0,142.1,0.0,0.0,0.3,0.3
656,656.0,142.3,0.0,0.0,0.2,0.2
657,657.0,142.5,0.0,0.0,0.2,0.2
658,658.0,143.0,0.0,0.0,0.5,0.5
659,659.0,143.5,0.0,0.0,0.5,0.5
660,660.0,143.8,0.0,0.0,0.3,0.3
661,661.0,144.0,0.0,0.0,0.2,0.2
662,662.0,144.0,0.0,0.0,0.0,0.0
663,663.0,144.2,0.0,0.0,0.2,0.2
664,664.0,144.9,0.0,0.0,0.7,0.7
665,665.0,145.4,0.0,0.0,0.5,0.5
666,666.0,145.8,0.0,0.0,0.4,0.4
667,667.0,146.0,0.0,0.0,0.2,0.2
668,668.0,146.4,0.0,0.0,0.4,0.4
669,669.0,146.5,0.0,0.1,0.2,0.1
670,670.0,146.7,0.0,0.0,0.2,0.2
671,671.0,147.0,0.0,0.0,0.3,0.3
672,672.0,147.3,0.0,0.0,0.3,0.3
673,673.0,147.6,0.0,0.0,0.3,0.3
674,674.0,147.8,0.0,0.0,0.2,0.2
675,675.0,148.2,0.0,0.0,0.4,0.4
676,676.0,148.4,0.0,0.0,0.2,0.2
677,677.0,148.4,0.0,0.0,0.0,0.0
678,678.0,148.6,0.0,0.0,0.2,0.2
679,679.0,148.9,0.0,0.0,0.3,0.3
680,680.0,148.9,0.0,0.0,0.0,0.0
681,681.0,149.1,0.0,0.0,0.2,0.2
682,682.0,149.4,0.0,0.0,0.3,0.3
683,683.0,149.8,0.0,0.0,0.4,0.4
684,684.0,150.0,0.0,0.1,0.3,0.2
685,685.0,150.1,0.0,0.0,0.1,0.1
686,686.0,150.4,0.0,0.0,0.3,0.3
687,687.0,150.6,0.0,0.0,0.2,0.2
688,688.0,150.6,0.0,0.0,0.0,0.0
689,689.0,150.9,0.0,0.0,0.3,0.3
690,690.0,151.0,0.0,0.1,0.2,0.1
691,691.0,151.3,0.0,0.0,0.3,0.3
692,692.0,151.3,0.0,0.0,0.0,0.0
693,693.0,151.4,0.0,0.0,0.1,0.1
694,694.0,151.6,0.0,0.0,0.2,0.2
695,695.0,151.6,0.0,0.1,0.1,0.0
696,696.0,151.9,0.0,0.1,0.4,0.3
697,697.0,152.1,0.0,0.1,0.3,0.2
698,698.0,152.6,0.0,0.0,0.5,0.5
699,699.0,152.8,0.0,0.0,0.2,0.2
700,700.0,153.1,0.0,0.0,0.3,0.3
701,701.0,153.3,0.0,0.0,0.2,0.2
702,702.0,153.4,0.0,0.0,0.1,0.1
703,703.0,153.6,0.0,0.0,0.2,0.2
704,704.0,154.0,0.0,0.0,0.4,0.4
705,705.0,154.1,0.0,0.0,0.1,0.1
706,706.0,154.3,0.0,0.0,0.2,0.2
707,707.0,154.6,0.0,0.0,0.3,0.3
708,708.0,154.7,0.0,0.0,0.1,0.1
709,709.0,155.4,0.0,0.0,0.7,0.7
710,710.0,155.7,0.0,0.0,0.3,0.3
711,711.0,155.9,0.0,0.0,0.2,0.2
712,712.0,156.0,0.0,0.1,0.2,0.1
713,713.0,156.6,0.0,0.0,0.6,0.6
714,714.0,156.6,0.0,0.0,0.0,0.0
715,715.0,156.7,0.0,0.1,0.2,0.1
716,716.0,157.0,0.0,0.0,0.3,0.3
717,717.0,157.2,0.0,0.0,0.2,0.2
718,718.0,157.5,0.0,0.0,0.3,0.3
719,719.0,158.0,0.0,0.0,0.5,0.5
720,720.0,158.4,0.0,0.0,0.4,0.4
721,721.0,158.7,0.0,0.0,0.3,0.3
722,722.0,159.1,0.0,0.0,0.4,0.4
723,723.0,159.5,0.0,0.0,0.4,0.4
724,724.0,160.0,0.0,0.0,0.5,0.5
725,725.0,160.3,0.0,0.1,0.4,0.3
726,726.0,160.6,0.0,0.0,0.3,0.3
727,727.0,160.7,0.0,0.0,0.1,0.1
728,728.0,160.7,0.0,0.0,0.0,0.0
729,729.0,160.9,0.0,0.0,0.2,0.2
730,730.0,161.1,0.0,0.0,0.2,0.2
731,731.0,161.4,0.0,0.0,0.3,0.3
732,732.0,161.7,0.0,0.0,0.3,0.3
733,733.0,161.8,0.0,0.0,0.1,0.1
734,734.0,162.3,0.0,0.0,0.5,0.5
735,735.0,162.7,0.0,0.0,0.4,0.4
736,736.0,163.0,0.0,0.0,0.3,0.3
737,737.0,163.2,0.0,0.0,0.2,0.2
738,738.0,163.8,0.0,0.0,0.6,0.6
739,739.0,163.9,0.0,0.0,0.1,0.1
740,740.0,164.2,0.0,0.0,0.3,0.3
741,741.0,164.7,0.0,0.0,0.5,0.5
742,742.0,165.2,0.0,0.0,0.5,0.5
743,743.0,165.5,0.0,0.0,0.3,0.3
744,744.0,165.6,0.0,0.0,0.1,0.1
745,745.0,166.0,0.0,0.0,0.4,0.4
746,746.0,166.1,0.0,0.1,0.2,0.1
747,747.0,166.5,0.0,0.0,0.4,0.4
748,748.0,166.7,0.0,0.0,0.2,0.2
749,749.0,167.0,0.0,0.0,0.3,0.3
750,750.0,167.4,0.0,0.0,0.4,0.4
751,751.0,167.7,0.0,0.0,0.3,0.3
752,752.0,168.0,0.0,0.0,0.3,0.3
753,753.0,168.0,0.0,0.1,0.1,0.0
754,754.0,168.4,0.0,0.0,0.4,0.4
755,755.0,168.7,0.0,0.0,0.3,0.3
756,756.0,168.9,0.0,0.0,0.2,0.2
757,757.0,169.3,0.0,0.1,0.5,0.4
758,758.0,169.3,0.0,0.0,0.0,0.0
759,759.0,169.3,0.0,0.1,0.1,0.0
760,760.0,169.4,0.0,0.0,0.1,0.1
761,761.0,169.6,0.0,0.0,0.2,0.2
762,762.0,169.8,0.0,0.0,0.2,0.2
763,763.0,169.9,0.0,0.1,0.2,0.1
764,764.0,170.3,0.0,0.0,0.4,0.4
765,765.0,170.8,0.0,0.0,0.5,0.5
766,766.0,171.3,0.0,0.1,0.6,0.5
767,767.0,171.4,0.0,0.0,0.1,0.1
768,768.0,171.6,0.0,0.0,0.2,0.2
769,769.0,171.9,0.0,0.0,0.3,0.3
770,770.0,172.3,0.0,0.0,0.4,0.4
771,771.0,172.6,0.0,0.1,0.4,0.3
772,772.0,173.0,0.0,0.0,0.4,0.4
773,773.0,173.1,0.0,0.0,0.1,0.1
774,774.0,173.2,0.0,0.0,0.1,0.1
775,775.0,173.7,0.0,0.0,0.5,0.5
776,776.0,174.0,0.0,0.0,0.3,0.3
777,777.0,174.4,0.0,0.0,0.4,0.4
778,778.0,174.9,0.0,0.0,0.5,0.5
779,779.0,175.4,0.0,0.0,0.5,0.5
780,780.0,175.9,0.0,0.0,0.5,0.5
781,781.0,176.3,0.0,0.0,0.4,0.4
782,782.0,176.5,0.0,0.0,0.2,0.2
783,783.0,176.6,0.0,0.1,0.2,0.1
784,784.0,177.6,0.0,0.0,1.0,1.0
785,785.0,177.9,0.0,0.0,0.3,0.3
786,786.0,178.4,0.0,0.0,0.5,0.5
787,787.0,178.7,0.0,0.0,0.3,0.3
788,788.0,178.9,0.0,0.0,0.2,0.2
789,789.0,179.4,0.0,0.0,0.5,0.5
790,790.0,179.9,0.0,0.0,0.5,0.5
791,791.0,180.1,0.0,0.0,0.2,0.2
792,792.0,180.6,0.0,0.1,0.6,0.5
793,793.0,181.2,0.0,0.0,0.6,0.6
794,794.0,181.6,0.0,0.0,0.4,0.4
795,795.0,182.0,0.0,0.0,0.4,0.4
796,796.0,182.2,0.0,0.0,0.2,0.2
797,797.0,182.5,0.0,0.0,0.3,0.3
798,798.0,182.7,0.0,0.0,0.2,0.2
799,799.0,183.1,0.0,0.0,0.4,0.4
800,800.0,183.5,0.0,0.0,0.4,0.4
801,801.0,183.7,0.0,0.1,0.3,0.2
802,802.0,184.0,0.0,0.0,0.3,0.3
803,803.0,184.4,0.0,0.0,0.4,0.4
804,804.0,184.7,0.0,0.0,0.3,0.3
805,805.0,185.3,0.0,0.0,0.6,0.6
806,806.0,185.8,0.0,0.0,0.5,0.5
807,807.0,186.1,0.0,0.1,0.4,0.3
808,808.0,186.7,0.0,0.0,0.6,0.6
809,809.0,187.0,0.0,0.1,0.4,0.3
810,810.0,187.5,0.0,0.0,0.5,0.5
811,811.0,188.0,0.0,0.0,0.5,0.5
812,812.0,188.2,0.0,0.1,0.3,0.2
813,813.0,188.3,0.0,0.1,0.2,0.1
814,814.0,188.8,0.0,0.0,0.5,0.5
815,815.0,189.0,0.0,0.1,0.3,0.2
816,816.0,189.3,0.0,0.0,0.3,0.3
817,817.0,189.9,0.0,0.0,0.6,0.6
818,818.0,190.2,0.0,0.0,0.3,0.3
819,819.0,190.8,0.0,0.0,0.6,0.6
820,820.0,191.0,0.0,0.0,0.2,0.2
821,821.0,191.2,0.0,0.0,0.2,0.2
822,822.0,191.4,0.0,0.0,0.2,0.2
823,823.0,191.3,0.0,0.1,0.0,-0.1
824,824.0,191.7,0.0,0.0,0.4,0.4
825,825.0,192.1,0.0,0.0,0.4,0.4
826,826.0,192.8,0.0,0.0,0.7,0.7
827,827.0,193.1,0.0,0.0,0.3,0.3
828,828.0,193.4,0.0,0.1,0.4,0.3
829,829.0,194.1,0.1,0.0,0.8,0.7
830,830.0,194.6,0.0,0.0,0.5,0.5
831,831.0,195.0,0.0,0.0,0.4,0.4
832,832.0,195.5,0.0,0.0,0.5,0.5
833,833.0,195.7,0.0,0.0,0.2,0.2
834,834.0,196.0,0.0,0.0,0.3,0.3
835,835.0,196.2,0.0,0.0,0.2,0.2
836,836.0,196.6,0.0,0.0,0.4,0.4
837,837.0,197.0,0.0,0.0,0.4,0.4
838,838.0,197.1,0.0,0.1,0.2,0.1
839,839.0,197.3,0.0,0.0,0.2,0.2
840,840.0,197.6,0.0,0.0,0.3,0.3
841,841.0,197.7,0.0,0.1,0.2,0.1
842,842.0,197.9,0.0,0.1,0.3,0.2
843,843.0,198.0,0.0,0.1,0.2,0.1
844,844.0,198.0,0.0,0.0,0.0,0.0
845,845.0,198.2,0.0,0.0,0.2,0.2
846,846.0,198.5,0.0,0.0,0.3,0.3
847,847.0,198.9,0.0,0.0,0.4,0.4
848,848.0,199.5,0.0,0.0,0.6,0.6
849,849.0,199.8,0.1,0.0,0.4,0.3
850,850.0,200.4,0.0,0.0,0.6,0.6
851,851.0,200.7,0.0,0.0,0.3,0.3
852,852.0,201.2,0.0,0.1,0.6,0.5
853,853.0,201.4,0.0,0.0,0.2,0.2
854,854.0,202.0,0.0,0.2,0.8,0.6
855,855.0,202.5,0.0,0.0,0.5,0.5
856,856.0,202.8,0.0,0.0,0.3,0.3
857,857.0,203.2,0.0,0.0,0.4,0.4
858,858.0,203.5,0.0,0.0,0.3,0.3
859,859.0,203.7,0.0,0.0,0.2,0.2
860,860.0,203.8,0.0,0.0,0.1,0.1
861,861.0,204.2,0.0,0.0,0.4,0.4
862,862.0,204.4,0.0,0.0,0.2,0.2
863,863.0,204.5,0.0,0.0,0.1,0.1
864,864.0,205.4,0.0,0.1,1.0,0.9
865,865.0,205.6,0.0,0.1,0.3,0.2
866,866.0,205.8,0.0,0.1,0.3,0.2
867,867.0,206.2,0.0,0.0,0.4,0.4
868,868.0,206.7,0.0,0.0,0.5,0.5
869,869.0,207.4,0.0,0.0,0.7,0.7
870,870.0,207.7,0.0,0.0,0.3,0.3
871,871.0,208.0,0.0,0.1,0.4,0.3
872,872.0,208.4,0.0,0.0,0.4,0.4
873,873.0,208.5,0.0,0.0,0.1,0.1
874,874.0,208.9,0.0,0.0,0.4,0.4
875,875.0,209.3,0.0,0.0,0.4,0.4
876,876.0,209.8,0.0,0.0,0.5,0.5
877,877.0,210.1,0.0,0.0,0.3,0.3
878,878.0,210.5,0.0,0.0,0.4,0.4
879,879.0,211.1,0.0,0.0,0.6,0.6
880,880.0,211.7,0.0,0.0,0.6,0.6
881,881.0,212.3,0.0,0.0,0.6,0.6
882,882.0,212.9,0.0,0.0,0.6,0.6
883,883.0,213.2,0.0,0.0,0.3,0.3
884,884.0,213.5,0.0,0.0,0.3,0.3
885,885.0,213.8,0.0,0.0,0.3,0.3
886,886.0,214.1,0.0,0.0,0.3,0.3
887,887.0,214.3,0.0,0.1,0.3,0.2
888,888.0,214.4,0.0,0.0,0.1,0.1
889,889.0,214.5,0.0,0.0,0.1,0.1
890,890.0,215.3,0.0,0.0,0.8,0.8
891,891.0,215.5,0.0,0.0,0.2,0.2
892,892.0,216.0,0.0,0.0,0.5,0.5
893,893.0,216.3,0.0,0.0,0.3,0.3
894,894.0,216.5,0.0,0.0,0.2,0.2
895,895.0,216.9,0.0,0.0,0.4,0.4
896,896.0,217.0,0.0,0.0,0.1,0.1
897,897.0,217.7,0.0,0.1,0.8,0.7
898,898.0,217.9,0.0,0.0,0.2,0.2
899,899.0,218.1,0.0,0.0,0.2,0.2
900,900.0,218.5,0.0,0.1,0.5,0.4
901,901.0,219.2,0.0,0.0,0.7,0.7
902,902.0,219.6,0.0,0.0,0.4,0.4
903,903.0,220.1,0.0,0.0,0.5,0.5
904,904.0,220.3,0.0,0.0,0.2,0.2
905,905.0,220.9,0.0,0.0,0.6,0.6
906,906.0,221.2,0.0,0.0,0.3,0.3
907,907.0,221.5,0.0,0.0,0.3,0.3
908,908.0,221.8,0.0,0.0,0.3,0.3
909,909.0,222.2,0.0,0.0,0.4,0.4
910,910.0,222.4,0.0,0.0,0.2,0.2
911,911.0,222.8,0.0,0.0,0.4,0.4
912,912.0,223.5,0.0,0.0,0.7,0.7
913,913.0,223.9,0.0,0.0,0.4,0.4
914,914.0,224.3,0.0,0.0,0.4,0.4
915,915.0,224.6,0.0,0.0,0.3,0.3
916,916.0,225.2,0.0,0.0,0.6,0.6
917,917.0,226.1,0.0,0.0,0.9,0.9
918,918.0,226.6,0.0,0.1,0.6,0.5
919,919.0,226.7,0.0,0.0,0.1,0.1
920,920.0,227.2,0.0,0.0,0.5,0.5
921,921.0,227.3,0.0,0.1,0.2,0.1
922,922.0,227.6,0.0,0.1,0.4,0.3
923,923.0,227.8,0.0,0.0,0.2,0.2
924,924.0,228.6,0.0,0.0,0.8,0.8
925,925.0,228.9,0.0,0.0,0.3,0.3
926,926.0,229.2,0.0,0.0,0.3,0.3
927,927.0,229.7,0.0,0.0,0.5,0.5
928,928.0,230.0,0.0,0.1,0.4,0.3
929,929.0,230.3,0.0,0.0,0.3,0.3
930,930.0,230.6,0.0,0.0,0.3,0.3
931,931.0,231.2,0.0,0.0,0.6,0.6
932,932.0,231.9,0.0,0.0,0.7,0.7
933,933.0,232.2,0.0,0.0,0.3,0.3
934,934.0,232.4,0.0,0.0,0.2,0.2
935,935.0,232.5,0.0,0.0,0.1,0.1
936,936.0,233.2,0.0,0.1,0.8,0.7
937,937.0,233.7,0.0,0.0,0.5,0.5
938,938.0,234.2,0.0,0.0,0.5,0.5
939,939.0,234.7,0.0,0.0,0.5,0.5
940,940.0,235.1,0.0,0.1,0.5,0.4
941,941.0,235.5,0.0,0.0,0.4,0.4
942,942.0,236.0,0.0,0.0,0.5,0.5
943,943.0,236.4,0.0,0.0,0.4,0.4
944,944.0,236.8,0.0,0.0,0.4,0.4
945,945.0,237.2,0.0,0.0,0.4,0.4
946,946.0,237.5,0.0,0.1,0.4,0.3
947,947.0,237.9,0.0,0.0,0.4,0.4
948,948.0,238.2,0.0,0.0,0.3,0.3
949,949.0,238.9,0.0,0.0,0.7,0.7
950,950.0,239.2,0.0,0.0,0.3,0.3
951,951.0,239.9,0.0,0.0,0.7,0.7
952,952.0,240.0,0.0,0.0,0.1,0.1
953,953.0,240.8,0.0,0.0,0.8,0.8
954,954.0,241.1,0.0,0.0,0.3,0.3
955,955.0,241.5,0.0,0.0,0.4,0.4
956,956.0,241.8,0.0,0.1,0.4,0.3
957,957.0,241.9,0.0,0.0,0.1,0.1
958,958.0,242.3,0.0,0.0,0.4,0.4
959,959.0,243.1,0.0,0.0,0.8,0.8
960,960.0,243.5,0.0,0.0,0.4,0.4
961,961.0,243.6,0.0,0.1,0.2,0.1
962,962.0,244.3,0.0,0.0,0.7,0.7
963,963.0,244.8,0.0,0.0,0.5,0.5
964,964.0,244.9,0.0,0.0,0.1,0.1
965,965.0,245.5,0.0,0.0,0.6,0.6
966,966.0,246.0,0.0,0.0,0.5,0.5
967,967.0,246.3,0.0,0.0,0.3,0.3
968,968.0,246.4,0.0,0.1,0.2,0.1
969,969.0,246.9,0.0,0.0,0.5,0.5
970,970.0,247.4,0.0,0.0,0.5,0.5
971,971.0,247.9,0.0,0.0,0.5,0.5
972,972.0,248.4,0.0,0.0,0.5,0.5
973,973.0,248.9,0.0,0.0,0.5,0.5
974,974.0,249.7,0.0,0.0,0.8,0.8
975,975.0,250.1,0.0,0.0,0.4,0.4
976,976.0,250.2,0.0,0.1,0.2,0.1
977,977.0,250.5,0.0,0.0,0.3,0.3
978,978.0,250.8,0.0,0.0,0.3,0.3
979,979.0,251.6,0.0,0.0,0.8,0.8
980,980.0,252.2,0.0,0.1,0.7,0.6
981,981.0,252.4,0.0,0.0,0.2,0.2
982,982.0,252.9,0.0,0.0,0.5,0.5
983,983.0,253.5,0.0,0.0,0.6,0.6
984,984.0,253.9,0.0,0.1,0.5,0.4
985,985.0,254.3,0.0,0.2,0.6,0.4
986,986.0,254.8,0.0,0.0,0.5,0.5
987,987.0,255.2,0.0,0.0,0.4,0.4
988,988.0,256.0,0.0,0.0,0.8,0.8
989,989.0,256.3,0.0,0.1,0.4,0.3
990,990.0,256.9,0.0,0.0,0.6,0.6
991,991.0,256.9,0.0,0.2,0.2,0.0
992,992.0,257.3,0.0,0.0,0.4,0.4
993,993.0,257.7,0.0,0.0,0.4,0.4
994,994.0,258.0,0.0,0.0,0.3,0.3
995,995.0,258.4,0.0,0.0,0.4,0.4
996,996.0,258.6,0.0,0.1,0.3,0.2
997,997.0,259.3,0.0,0.0,0.7,0.7
998,998.0,259.6,0.0,0.0,0.3,0.3
999,999.0,259.4,0.1,0.1,0.0,-0.2
1000,1000.0,259.7,0.0,0.0,0.3,0.3
1001,1001.0,259.9,0.0,0.0,0.2,0.2
1002,1002.0,260.3,0.0,0.0,0.4,0.4
1003,1003.0,260.6,0.0,0.0,0.3,0.3
1004,1004.0,260.9,0.0,0.0,0.3,0.3
1005,1005.0,261.1,0.0,0.0,0.2,0.2
1006,1006.0,261.6,0.0,0.0,0.5,0.5
1007,1007.0,262.1,0.0,0.0,0.5,0.5
1008,1008.0,263.0,0.0,0.0,0.9,0.9
1009,1009.0,263.7,0.0,0.0,0.7,0.7
1010,1010.0,263.7,0.0,0.1,0.1,0.0
1011,1011.0,263.9,0.0,0.0,0.2,0.2
1012,1012.0,264.4,0.0,0.0,0.5,0.5
1013,1013.0,264.7,0.0,0.0,0.3,0.3
1014,1014.0,265.3,0.0,0.0,0.6,0.6
1015,1015.0,265.7,0.0,0.0,0.4,0.4
1016,1016.0,266.2,0.0,0.0,0.5,0.5
1017,1017.0,266.8,0.0,0.0,0.6,0.6
1018,1018.0,267.0,0.0,0.1,0.3,0.2
1019,1019.0,267.5,0.0,0.0,0.5,0.5
1020,1020.0,268.0,0.0,0.0,0.5,0.5
1021,1021.0,268.4,0.0,0.0,0.4,0.4
1022,1022.0,269.0,0.0,0.0,0.6,0.6
1023,1023.0,270.1,0.0,0.0,1.1,1.1
1024,1024.0,270.5,0.0,0.2,0.6,0.4
1025,1025.0,270.7,0.0,0.0,0.2,0.2
1026,1026.0,271.5,0.0,0.0,0.8,0.8
1027,1027.0,272.1,0.0,0.1,0.7,0.6
1028,1028.0,272.6,0.0,0.0,0.5,0.5
1029,1029.0,273.1,0.0,0.0,0.5,0.5
1030,1030.0,273.8,0.0,0.0,0.7,0.7
1031,1031.0,273.8,0.0,0.0,0.0,0.0
1032,1032.0,274.5,0.0,0.0,0.7,0.7
1033,1033.0,274.6,0.0,0.0,0.1,0.1
1034,1034.0,275.1,0.0,0.1,0.6,0.5
1035,1035.0,275.4,0.0,0.0,0.3,0.3
1036,1036.0,275.6,0.0,0.0,0.2,0.2
1037,1037.0,276.0,0.0,0.1,0.5,0.4
1038,1038.0,276.4,0.0,0.1,0.5,0.4
1039,1039.0,276.8,0.0,0.0,0.4,0.4
1040,1040.0,277.2,0.0,0.0,0.4,0.4
1041,1041.0,277.6,0.0,0.0,0.4,0.4
1042,1042.0,278.8,0.0,0.0,1.2,1.2
1043,1043.0,279.4,0.0,0.1,0.7,0.6
1044,1044.0,279.9,0.0,0.0,0.5,0.5
1045,1045.0,280.4,0.0,0.0,0.5,0.5
1046,1046.0,280.8,0.0,0.0,0.4,0.4
1047,1047.0,281.1,0.0,0.0,0.3,0.3
1048,1048.0,281.9,0.0,0.0,0.8,0.8
1049,1049.0,282.6,0.0,0.0,0.7,0.7
1050,1050.0,283.1,0.0,0.0,0.5,0.5
1051,1051.0,283.8,0.0,0.0,0.7,0.7
1052,1052.0,284.1,0.0,0.0,0.3,0.3
1053,1053.0,284.5,0.0,0.0,0.4,0.4
1054,1054.0,285.2,0.0,0.0,0.7,0.7
1055,1055.0,285.7,0.0,0.0,0.5,0.5
1056,1056.0,286.2,0.0,0.0,0.5,0.5
1057,1057.0,286.7,0.0,0.0,0.5,0.5
1058,1058.0,287.1,0.0,0.0,0.4,0.4
1059,1059.0,287.7,0.0,0.0,0.6,0.6
1060,1060.0,287.9,0.0,0.0,0.2,0.2
1061,1061.0,288.5,0.0,0.0,0.6,0.6
1062,1062.0,288.9,0.0,0.1,0.5,0.4
1063,1063.0,289.2,0.0,0.2,0.5,0.3
1064,1064.0,290.3,0.0,0.0,1.1,1.1
1065,1065.0,290.7,0.0,0.0,0.4,0.4
1066,1066.0,290.8,0.0,0.0,0.1,0.1
1067,1067.0,291.3,0.0,0.0,0.5,0.5
1068,1068.0,291.6,0.0,0.1,0.4,0.3
1069,1069.0,291.9,0.0,0.0,0.3,0.3
1070,1070.0,292.2,0.0,0.0,0.3,0.3
1071,1071.0,292.9,0.0,0.1,0.8,0.7
1072,1072.0,293.4,0.0,0.1,0.6,0.5
1073,1073.0,293.6,0.0,0.0,0.2,0.2
1074,1074.0,294.0,0.0,0.0,0.4,0.4
1075,1075.0,295.0,0.0,0.0,1.0,1.0
1076,1076.0,295.7,0.0,0.0,0.7,0.7
1077,1077.0,296.4,0.0,0.0,0.7,0.7
1078,1078.0,297.5,0.0,0.0,1.1,1.1
1079,1079.0,297.8,0.0,0.1,0.4,0.3
1080,1080.0,298.1,0.0,0.1,0.4,0.3
1081,1081.0,298.8,0.0,0.1,0.8,0.7
1082,1082.0,299.4,0.0,0.0,0.6,0.6
1083,1083.0,299.8,0.0,0.0,0.4,0.4
1084,1084.0,300.9,0.0,0.0,1.1,1.1
1085,1085.0,301.4,0.0,0.1,0.6,0.5
1086,1086.0,301.5,0.0,0.0,0.1,0.1
1087,1087.0,302.2,0.0,0.0,0.7,0.7
1088,1088.0,302.5,0.0,0.1,0.4,0.3
1089,1089.0,302.9,0.0,0.0,0.4,0.4
1090,1090.0,303.3,0.0,0.0,0.4,0.4
1091,1091.0,304.4,0.0,0.0,1.1,1.1
1092,1092.0,305.0,0.0,0.1,0.7,0.6
1093,1093.0,305.2,0.0,0.0,0.2,0.2
1094,1094.0,305.7,0.0,0.1,0.6,0.5
1095,1095.0,306.2,0.0,0.1,0.6,0.5
1096,1096.0,306.5,0.0,0.0,0.3,0.3
1097,1097.0,306.7,0.0,0.0,0.2,0.2
1098,1098.0,306.9,0.0,0.1,0.3,0.2
1099,1099.0,307.4,0.0,0.0,0.5,0.5
1100,1100.0,307.9,0.0,0.1,0.6,0.5
1101,1101.0,308.5,0.0,0.0,0.6,0.6
1102,1102.0,308.9,0.0,0.0,0.4,0.4
1103,1103.0,309.4,0.0,0.1,0.6,0.5
1104,1104.0,310.3,0.0,0.0,0.9,0.9
1105,1105.0,310.6,0.0,0.1,0.4,0.3
1106,1106.0,311.8,0.0,0.0,1.2,1.2
1107,1107.0,312.4,0.0,0.0,0.6,0.6
1108,1108.0,312.9,0.0,0.0,0.5,0.5
1109,1109.0,313.7,0.0,0.0,0.8,0.8
1110,1110.0,314.2,0.0,0.0,0.5,0.5
1111,1111.0,315.2,0.0,0.0,1.0,1.0
1112,1112.0,315.7,0.0,0.0,0.5,0.5
1113,1113.0,316.7,0.0,0.0,1.0,1.0
1114,1114.0,317.3,0.0,0.0,0.6,0.6
1115,1115.0,317.3,0.0,0.0,0.0,0.0
1116,1116.0,317.6,0.0,0.1,0.4,0.3
1117,1117.0,318.0,0.0,0.0,0.4,0.4
1118,1118.0,318.2,0.0,0.2,0.4,0.2
1119,1119.0,318.8,0.0,0.1,0.7,0.6
1120,1120.0,319.4,0.0,0.0,0.6,0.6
1121,1121.0,319.7,0.0,0.0,0.3,0.3
1122,1122.0,320.4,0.0,0.0,0.7,0.7
1123,1123.0,320.5,0.0,0.1,0.2,0.1
1124,1124.0,320.9,0.0,0.0,0.4,0.4
1125,1125.0,321.5,0.0,0.0,0.6,0.6
1126,1126.0,321.7,0.1,0.0,0.3,0.2
1127,1127.0,322.8,0.0,0.0,1.1,1.1
1128,1128.0,323.0,0.0,0.1,0.3,0.2
1129,1129.0,323.1,0.0,0.0,0.1,0.1
1130,1130.0,323.8,0.0,0.0,0.7,0.7
1131,1131.0,324.7,0.0,0.0,0.9,0.9
1132,1132.0,325.0,0.0,0.1,0.4,0.3
1133,1133.0,325.4,0.1,0.1,0.6,0.4
1134,1134.0,325.8,0.0,0.0,0.4,0.4
1135,1135.0,326.2,0.0,0.0,0.4,0.4
1136,1136.0,326.9,0.0,0.0,0.7,0.7
1137,1137.0,327.5,0.0,0.0,0.6,0.6
1138,1138.0,328.2,0.0,0.0,0.7,0.7
1139,1139.0,328.8,0.0,0.0,0.6,0.6
1140,1140.0,328.8,0.0,0.1,0.1,0.0
1141,1141.0,329.4,0.0,0.0,0.6,0.6
1142,1142.0,330.3,0.0,0.1,1.0,0.9
1143,1143.0,330.8,0.0,0.0,0.5,0.5
1144,1144.0,331.5,0.0,0.1,0.8,0.7
1145,1145.0,332.0,0.0,0.0,0.5,0.5
1146,1146.0,333.1,0.0,0.1,1.2,1.1
1147,1147.0,333.8,0.0,0.0,0.7,0.7
1148,1148.0,333.9,0.0,0.2,0.3,0.1
1149,1149.0,334.1,0.0,0.0,0.2,0.2
1150,1150.0,334.9,0.0,0.0,0.8,0.8
1151,1151.0,335.5,0.0,0.0,0.6,0.6
1152,1152.0,336.1,0.0,0.1,0.7,0.6
1153,1153.0,336.7,0.0,0.1,0.7,0.6
1154,1154.0,337.5,0.0,0.0,0.8,0.8
1155,1155.0,337.8,0.0,0.1,0.4,0.3
1156,1156.0,338.0,0.0,0.1,0.3,0.2
1157,1157.0,338.5,0.0,0.0,0.5,0.5
1158,1158.0,339.0,0.0,0.0,0.5,0.5
1159,1159.0,339.6,0.0,0.1,0.7,0.6
1160,1160.0,340.2,0.0,0.1,0.7,0.6
1161,1161.0,341.1,0.0,0.1,1.0,0.9
1162,1162.0,341.3,0.0,0.1,0.3,0.2
1163,1163.0,341.5,0.0,0.1,0.3,0.2
1164,1164.0,341.8,0.0,0.0,0.3,0.3
1165,1165.0,342.4,0.0,0.0,0.6,0.6
1166,1166.0,343.0,0.0,0.0,0.6,0.6
1167,1167.0,343.3,0.0,0.1,0.4,0.3
1168,1168.0,344.2,0.0,0.0,0.9,0.9
1169,1169.0,344.7,0.0,0.1,0.6,0.5
1170,1170.0,345.2,0.0,0.0,0.5,0.5
1171,1171.0,345.6,0.0,0.0,0.4,0.4
1172,1172.0,346.5,0.0,0.0,0.9,0.9
1173,1173.0,347.0,0.0,0.0,0.5,0.5
1174,1174.0,347.4,0.0,0.1,0.5,0.4
1175,1175.0,348.8,0.0,0.0,1.4,1.4
1176,1176.0,349.7,0.0,0.0,0.9,0.9
1177,1177.0,350.3,0.0,0.0,0.6,0.6
1178,1178.0,350.8,0.0,0.2,0.7,0.5
1179,1179.0,351.2,0.0,0.0,0.4,0.4
1180,1180.0,351.9,0.0,0.0,0.7,0.7
1181,1181.0,352.6,0.1,0.2,1.0,0.7
1182,1182.0,353.5,0.0,0.0,0.9,0.9
1183,1183.0,354.0,0.0,0.0,0.5,0.5
1184,1184.0,354.7,0.0,0.0,0.7,0.7
1185,1185.0,355.1,0.0,0.0,0.4,0.4
1186,1186.0,355.6,0.0,0.1,0.6,0.5
1187,1187.0,356.4,0.0,0.0,0.8,0.8
1188,1188.0,357.5,0.0,0.0,1.1,1.1
1189,1189.0,358.2,0.0,0.1,0.8,0.7
1190,1190.0,358.8,0.0,0.0,0.6,0.6
1191,1191.0,359.3,0.0,0.1,0.6,0.5
1192,1192.0,359.9,0.0,0.0,0.6,0.6
1193,1193.0,360.9,0.0,0.0,1.0,1.0
1194,1194.0,361.6,0.0,0.2,0.9,0.7
1195,1195.0,361.8,0.0,0.0,0.2,0.2
1196,1196.0,362.6,0.0,0.0,0.8,0.8
1197,1197.0,363.5,0.0,0.0,0.9,0.9
1198,1198.0,364.7,0.0,0.0,1.2,1.2
1199,1199.0,365.2,0.0,0.0,0.5,0.5
1200,1200.0,365.9,0.1,0.0,0.8,0.7
1201,1201.0,366.5,0.0,0.0,0.6,0.6
1202,1202.0,366.7,0.0,0.1,0.3,0.2
1203,1203.0,367.0,0.0,0.0,0.3,0.3
1204,1204.0,367.6,0.0,0.0,0.6,0.6
1205,1205.0,368.7,0.0,0.0,1.1,1.1
1206,1206.0,369.4,0.0,0.2,0.9,0.7
1207,1207.0,369.6,0.0,0.0,0.2,0.2
1208,1208.0,370.2,0.0,0.0,0.6,0.6
1209,1209.0,370.5,0.0,0.1,0.4,0.3
1210,1210.0,370.9,0.0,0.1,0.5,0.4
1211,1211.0,372.1,0.0,0.0,1.2,1.2
1212,1212.0,372.5,0.0,0.0,0.4,0.4
1213,1213.0,373.1,0.0,0.0,0.6,0.6
1214,1214.0,373.7,0.0,0.2,0.8,0.6
1215,1215.0,374.4,0.0,0.2,0.9,0.7
1216,1216.0,375.0,0.0,0.0,0.6,0.6
1217,1217.0,376.1,0.0,0.0,1.1,1.1
1218,1218.0,376.6,0.0,0.0,0.5,0.5
1219,1219.0,376.8,0.0,0.0,0.2,0.2
1220,1220.0,377.4,0.0,0.0,0.6,0.6
1221,1221.0,377.9,0.1,0.0,0.6,0.5
1222,1222.0,378.9,0.0,0.0,1.0,1.0
1223,1223.0,379.3,0.0,0.2,0.6,0.4
1224,1224.0,379.8,0.0,0.2,0.7,0.5
1225,1225.0,380.5,0.0,0.1,0.8,0.7
1226,1226.0,380.6,0.0,0.1,0.2,0.1
1227,1227.0,381.3,0.0,0.2,0.9,0.7
1228,1228.0,381.9,0.0,0.0,0.6,0.6
1229,1229.0,382.1,0.0,0.1,0.3,0.2
1230,1230.0,382.8,0.0,0.0,0.7,0.7
1231,1231.0,383.1,0.0,0.0,0.3,0.3
1232,1232.0,384.0,0.0,0.1,1.0,0.9
1233,1233.0,384.2,0.0,0.0,0.2,0.2
1234,1234.0,384.9,0.0,0.0,0.7,0.7
1235,1235.0,385.4,0.0,0.1,0.6,0.5
1236,1236.0,386.3,0.0,0.0,0.9,0.9
1237,1237.0,386.6,0.0,0.0,0.3,0.3
1238,1238.0,386.8,0.0,0.0,0.2,0.2
1239,1239.0,387.7,0.0,0.0,0.9,0.9
1240,1240.0,388.3,0.0,0.0,0.6,0.6
1241,1241.0,389.0,0.0,0.0,0.7,0.7
1242,1242.0,389.7,0.0,0.1,0.8,0.7
1243,1243.0,389.7,0.0,0.2,0.2,0.0
1244,1244.0,390.3,0.0,0.0,0.6,0.6
1245,1245.0,390.5,0.0,0.2,0.4,0.2
1246,1246.0,391.5,0.0,0.0,1.0,1.0
1247,1247.0,392.1,0.0,0.0,0.6,0.6
1248,1248.0,392.8,0.0,0.0,0.7,0.7
1249,1249.0,393.4,0.0,0.0,0.6,0.6
1250,1250.0,394.1,0.0,0.0,0.7,0.7
1251,1251.0,394.6,0.0,0.0,0.5,0.5
1252,1252.0,395.4,0.0,0.0,0.8,0.8
1253,1253.0,396.1,0.0,0.0,0.7,0.7
1254,1254.0,396.8,0.0,0.0,0.7,0.7
1255,1255.0,397.2,0.0,0.0,0.4,0.4
1256,1256.0,397.8,0.0,0.0,0.6,0.6
1257,1257.0,398.5,0.0,0.1,0.8,0.7
1258,1258.0,398.9,0.0,0.0,0.4,0.4
1259,1259.0,399.6,0.0,0.0,0.7,0.7
1260,1260.0,400.1,0.0,0.0,0.5,0.5
1261,1261.0,400.7,0.0,0.0,0.6,0.6
1262,1262.0,401.9,0.0,0.0,1.2,1.2
1263,1263.0,402.5,0.0,0.0,0.6,0.6
1264,1264.0,403.1,0.0,0.1,0.7,0.6
1265,1265.0,403.6,0.0,0.1,0.6,0.5
1266,1266.0,404.1,0.0,0.1,0.6,0.5
1267,1267.0,405.0,0.0,0.0,0.9,0.9
1268,1268.0,405.8,0.0,0.0,0.8,0.8
1269,1269.0,406.4,0.0,0.0,0.6,0.6
1270,1270.0,407.1,0.0,0.1,0.8,0.7
1271,1271.0,407.5,0.0,0.1,0.5,0.4
1272,1272.0,407.9,0.0,0.2,0.6,0.4
1273,1273.0,408.3,0.0,0.0,0.4,0.4
1274,1274.0,409.7,0.0,0.0,1.4,1.4
1275,1275.0,410.3,0.0,0.0,0.6,0.6
1276,1276.0,411.4,0.0,0.0,1.1,1.1
1277,1277.0,412.2,0.0,0.0,0.8,0.8
1278,1278.0,413.2,0.0,0.0,1.0,1.0
1279,1279.0,413.7,0.0,0.0,0.5,0.5
1280,1280.0,414.4,0.0,0.0,0.7,0.7
1281,1281.0,415.5,0.0,0.0,1.1,1.1
1282,1282.0,416.0,0.0,0.2,0.7,0.5
1283,1283.0,416.7,0.0,0.0,0.7,0.7
1284,1284.0,417.4,0.0,0.1,0.8,0.7
1285,1285.0,418.0,0.0,0.0,0.6,0.6
1286,1286.0,418.9,0.0,0.2,1.1,0.9
1287,1287.0,419.4,0.0,0.0,0.5,0.5
1288,1288.0,419.9,0.0,0.0,0.5,0.5
1289,1289.0,420.2,0.1,0.2,0.6,0.3
1290,1290.0,420.7,0.0,0.1,0.6,0.5
1291,1291.0,421.3,0.0,0.1,0.7,0.6
1292,1292.0,421.7,0.0,0.1,0.5,0.4
1293,1293.0,422.3,0.0,0.0,0.6,0.6
1294,1294.0,423.1,0.0,0.1,0.9,0.8
1295,1295.0,423.8,0.0,0.0,0.7,0.7
1296,1296.0,424.2,0.0,0.1,0.5,0.4
1297,1297.0,425.1,0.0,0.0,0.9,0.9
1298,1298.0,425.6,0.0,0.1,0.6,0.5
1299,1299.0,426.8,0.0,0.0,1.2,1.2
1300,1300.0,427.3,0.0,0.0,0.5,0.5
1301,1301.0,428.0,0.0,0.0,0.7,0.7
1302,1302.0,428.4,0.0,0.1,0.5,0.4
1303,1303.0,429.2,0.0,0.0,0.8,0.8
1304,1304.0,429.6,0.0,0.1,0.5,0.4
1305,1305.0,430.1,0.0,0.0,0.5,0.5
1306,1306.0,431.3,0.0,0.1,1.3,1.2
1307,1307.0,432.0,0.0,0.0,0.7,0.7
1308,1308.0,432.9,0.0,0.1,1.0,0.9
1309,1309.0,433.3,0.0,0.0,0.4,0.4
1310,1310.0,434.1,0.0,0.0,0.8,0.8
1311,1311.0,434.7,0.0,0.0,0.6,0.6
1312,1312.0,434.9,0.0,0.0,0.2,0.2
1313,1313.0,436.1,0.0,0.0,1.2,1.2
1314,1314.0,437.0,0.0,0.0,0.9,0.9
1315,1315.0,437.5,0.0,0.1,0.6,0.5
1316,1316.0,438.3,0.0,0.1,0.9,0.8
1317,1317.0,439.2,0.0,0.2,1.1,0.9
1318,1318.0,440.2,0.0,0.0,1.0,1.0
1319,1319.0,440.7,0.0,0.0,0.5,0.5
1320,1320.0,441.6,0.0,0.0,0.9,0.9
1321,1321.0,442.4,0.0,0.0,0.8,0.8
1322,1322.0,443.3,0.0,0.0,0.9,0.9
1323,1323.0,444.1,0.0,0.0,0.8,0.8
1324,1324.0,445.0,0.0,0.0,0.9,0.9
1325,1325.0,445.5,0.0,0.2,0.7,0.5
1326,1326.0,446.0,0.0,0.1,0.6,0.5
1327,1327.0,446.7,0.0,0.1,0.8,0.7
1328,1328.0,447.5,0.0,0.1,0.9,0.8
1329,1329.0,448.4,0.0,0.1,1.0,0.9
1330,1330.0,449.5,0.0,0.0,1.1,1.1
1331,1331.0,450.6,0.0,0.1,1.2,1.1
1332,1332.0,451.5,0.0,0.0,0.9,0.9
1333,1333.0,451.7,0.0,0.2,0.4,0.2
1334,1334.0,452.5,0.0,0.1,0.9,0.8
1335,1335.0,453.0,0.0,0.0,0.5,0.5
1336,1336.0,454.2,0.0,0.0,1.2,1.2
1337,1337.0,455.1,0.0,0.0,0.9,0.9
1338,1338.0,456.1,0.0,0.0,1.0,1.0
1339,1339.0,457.2,0.0,0.0,1.1,1.1
1340,1340.0,458.0,0.0,0.0,0.8,0.8
1341,1341.0,458.7,0.0,0.0,0.7,0.7
1342,1342.0,459.4,0.0,0.0,0.7,0.7
1343,1343.0,460.1,0.1,0.0,0.8,0.7
1344,1344.0,460.7,0.0,0.0,0.6,0.6
1345,1345.0,461.8,0.0,0.0,1.1,1.1
1346,1346.0,462.3,0.0,0.1,0.6,0.5
1347,1347.0,462.8,0.0,0.1,0.6,0.5
1348,1348.0,463.7,0.0,0.1,1.0,0.9
1349,1349.0,464.4,0.0,0.2,0.9,0.7
1350,1350.0,465.4,0.0,0.0,1.0,1.0
1351,1351.0,466.1,0.1,0.0,0.8,0.7
1352,1352.0,466.8,0.0,0.1,0.8,0.7
1353,1353.0,467.7,0.0,0.0,0.9,0.9
1354,1354.0,468.5,0.0,0.0,0.8,0.8
1355,1355.0,469.5,0.0,0.0,1.0,1.0
1356,1356.0,470.3,0.0,0.0,0.8,0.8
1357,1357.0,471.1,0.0,0.1,0.9,0.8
1358,1358.0,472.1,0.0,0.0,1.0,1.0
1359,1359.0,473.0,0.0,0.0,0.9,0.9
1360,1360.0,474.0,0.0,0.0,1.0,1.0
1361,1361.0,474.9,0.0,0.1,1.0,0.9
1362,1362.0,476.0,0.0,0.2,1.3,1.1
1363,1363.0,476.4,0.0,0.0,0.4,0.4
1364,1364.0,477.3,0.0,0.0,0.9,0.9
1365,1365.0,478.4,0.0,0.0,1.1,1.1
1366,1366.0,479.3,0.0,0.0,0.9,0.9
1367,1367.0,480.2,0.0,0.0,0.9,0.9
1368,1368.0,481.0,0.0,0.0,0.8,0.8
1369,1369.0,481.8,0.0,0.1,0.9,0.8
1370,1370.0,482.8,0.0,0.0,1.0,1.0
1371,1371.0,483.6,0.0,0.1,0.9,0.8
1372,1372.0,484.3,0.0,0.2,0.9,0.7
1373,1373.0,485.3,0.0,0.1,1.1,1.0
1374,1374.0,486.4,0.0,0.0,1.1,1.1
1375,1375.0,487.2,0.0,0.0,0.8,0.8
1376,1376.0,487.7,0.0,0.0,0.5,0.5
1377,1377.0,488.8,0.0,0.1,1.2,1.1
1378,1378.0,489.9,0.0,0.0,1.1,1.1
1379,1379.0,490.4,0.0,0.3,0.8,0.5
1380,1380.0,491.2,0.0,0.0,0.8,0.8
1381,1381.0,492.0,0.0,0.1,0.9,0.8
1382,1382.0,493.3,0.0,0.0,1.3,1.3
1383,1383.0,494.1,0.0,0.2,1.0,0.8
1384,1384.0,495.5,0.0,0.0,1.4,1.4
1385,1385.0,495.9,0.0,0.0,0.4,0.4
1386,1386.0,496.9,0.0,0.0,1.0,1.0
1387,1387.0,498.0,0.0,0.0,1.1,1.1
1388,1388.0,499.0,0.0,0.0,1.0,1.0
1389,1389.0,499.4,0.0,0.0,0.4,0.4
1390,1390.0,500.2,0.0,0.0,0.8,0.8
1391,1391.0,501.1,0.0,0.0,0.9,0.9
1392,1392.0,502.1,0.0,0.1,1.1,1.0
1393,1393.0,503.8,0.0,0.1,1.8,1.7
1394,1394.0,504.4,0.0,0.0,0.6,0.6
1395,1395.0,505.2,0.0,0.2,1.0,0.8
1396,1396.0,505.8,0.0,0.0,0.6,0.6
1397,1397.0,506.7,0.0,0.1,1.0,0.9
1398,1398.0,507.7,0.0,0.0,1.0,1.0
1399,1399.0,508.2,0.0,0.0,0.5,0.5
1400,1400.0,509.6,0.0,0.0,1.4,1.4
1401,1401.0,510.5,0.0,0.0,0.9,0.9
1402,1402.0,511.1,0.0,0.0,0.6,0.6
1403,1403.0,511.8,0.0,0.1,0.8,0.7
1404,1404.0,512.5,0.0,0.0,0.7,0.7
1405,1405.0,513.5,0.0,0.0,1.0,1.0
1406,1406.0,515.0,0.0,0.0,1.5,1.5
1407,1407.0,515.8,0.0,0.0,0.8,0.8
1408,1408.0,516.5,0.0,0.0,0.7,0.7
1409,1409.0,517.2,0.0,0.0,0.7,0.7
1410,1410.0,517.7,0.0,0.2,0.7,0.5
1411,1411.0,518.4,0.0,0.0,0.7,0.7
1412,1412.0,519.1,0.0,0.1,0.8,0.7
1413,1413.0,520.1,0.0,0.0,1.0,1.0
1414,1414.0,521.5,0.0,0.0,1.4,1.4
1415,1415.0,522.5,0.0,0.1,1.1,1.0
1416,1416.0,523.4,0.0,0.0,0.9,0.9
1417,1417.0,524.4,0.0,0.1,1.1,1.0
1418,1418.0,525.3,0.0,0.0,0.9,0.9
1419,1419.0,525.8,0.0,0.0,0.5,0.5
1420,1420.0,526.9,0.0,0.0,1.1,1.1
1421,1421.0,527.5,0.0,0.4,1.0,0.6
1422,1422.0,529.1,0.0,0.1,1.7,1.6
1423,1423.0,530.6,0.0,0.0,1.5,1.5
1424,1424.0,531.8,0.0,0.1,1.3,1.2
1425,1425.0,532.2,0.0,0.1,0.5,0.4
1426,1426.0,533.3,0.0,0.0,1.1,1.1
1427,1427.0,534.0,0.0,0.3,1.0,0.7
1428,1428.0,534.9,0.0,0.1,1.0,0.9
1429,1429.0,535.8,0.0,0.0,0.9,0.9
1430,1430.0,537.0,0.0,0.1,1.3,1.2
1431,1431.0,538.2,0.0,0.0,1.2,1.2
1432,1432.0,539.0,0.0,0.0,0.8,0.8
1433,1433.0,540.2,0.0,0.0,1.2,1.2
1434,1434.0,541.2,0.0,0.1,1.1,1.0
1435,1435.0,542.1,0.0,0.2,1.1,0.9
1436,1436.0,542.9,0.0,0.2,1.0,0.8
1437,1437.0,543.7,0.0,0.0,0.8,0.8
1438,1438.0,544.9,0.0,0.0,1.2,1.2
1439,1439.0,545.8,0.0,0.0,0.9,0.9
1440,1440.0,546.9,0.0,0.0,1.1,1.1
1441,1441.0,547.9,0.0,0.1,1.1,1.0
1442,1442.0,549.2,0.0,0.0,1.3,1.3
1443,1443.0,549.8,0.0,0.0,0.6,0.6
1444,1444.0,550.3,0.1,0.1,0.7,0.5
1445,1445.0,551.7,0.0,0.1,1.5,1.4
1446,1446.0,552.9,0.0,0.0,1.2,1.2
1447,1447.0,554.0,0.0,0.1,1.2,1.1
1448,1448.0,555.1,0.0,0.1,1.2,1.1
1449,1449.0,556.3,0.0,0.2,1.4,1.2
1450,1450.0,557.0,0.0,0.1,0.8,0.7
1451,1451.0,557.4,0.0,0.0,0.4,0.4
1452,1452.0,557.9,0.0,0.1,0.6,0.5
1453,1453.0,559.3,0.0,0.0,1.4,1.4
1454,1454.0,560.0,0.0,0.0,0.7,0.7
1455,1455.0,561.1,0.0,0.1,1.2,1.1
1456,1456.0,561.3,0.0,0.1,0.3,0.2
1457,1457.0,561.9,0.0,0.0,0.6,0.6
1458,1458.0,563.3,0.0,0.1,1.5,1.4
1459,1459.0,564.2,0.0,0.1,1.0,0.9
1460,1460.0,565.5,0.0,0.0,1.3,1.3
1461,1461.0,566.0,0.0,0.3,0.8,0.5
1462,1462.0,566.9,0.0,0.1,1.0,0.9
1463,1463.0,567.3,0.0,0.1,0.5,0.4
1464,1464.0,568.1,0.0,0.0,0.8,0.8
1465,1465.0,568.8,0.0,0.1,0.8,0.7
1466,1466.0,569.6,0.0,0.0,0.8,0.8
1467,1467.0,570.8,0.0,0.1,1.3,1.2
1468,1468.0,571.4,0.0,0.0,0.6,0.6
1469,1469.0,572.1,0.0,0.0,0.7,0.7
1470,1470.0,573.2,0.0,0.1,1.2,1.1
1471,1471.0,573.9,0.0,0.1,0.8,0.7
1472,1472.0,574.9,0.0,0.0,1.0,1.0
1473,1473.0,575.9,0.0,0.2,1.2,1.0
1474,1474.0,577.3,0.0,0.0,1.4,1.4
1475,1475.0,578.4,0.0,0.0,1.1,1.1
1476,1476.0,579.6,0.0,0.0,1.2,1.2
1477,1477.0,581.0,0.0,0.0,1.4,1.4
1478,1478.0,582.2,0.0,0.0,1.2,1.2
1479,1479.0,583.1,0.0,0.1,1.0,0.9
1480,1480.0,584.3,0.1,0.1,1.4,1.2
1481,1481.0,585.6,0.0,0.2,1.5,1.3
1482,1482.0,586.7,0.0,0.0,1.1,1.1
1483,1483.0,587.2,0.0,0.1,0.6,0.5
1484,1484.0,588.5,0.0,0.1,1.4,1.3
1485,1485.0,589.9,0.0,0.0,1.4,1.4
1486,1486.0,590.9,0.0,0.1,1.1,1.0
1487,1487.0,591.3,0.0,0.1,0.5,0.4
1488,1488.0,592.7,0.0,0.0,1.4,1.4
1489,1489.0,593.8,0.0,0.0,1.1,1.1
1490,1490.0,594.9,0.0,0.0,1.1,1.1
1491,1491.0,596.1,0.0,0.1,1.3,1.2
1492,1492.0,597.6,0.0,0.0,1.5,1.5
1493,1493.0,598.4,0.0,0.0,0.8,0.8
1494,1494.0,599.2,0.0,0.0,0.8,0.8
1495,1495.0,600.4,0.0,0.0,1.2,1.2
1496,1496.0,601.6,0.0,0.0,1.2,1.2
1497,1497.0,602.6,0.0,0.0,1.0,1.0
1498,1498.0,604.1,0.0,0.0,1.5,1.5
1499,1499.0,605.4,0.0,0.1,1.4,1.3
1500,1500.0,606.5,0.0,0.0,1.1,1.1
1501,1501.0,607.8,0.0,0.0,1.3,1.3
1502,1502.0,608.3,0.1,0.2,0.8,0.5
1503,1503.0,609.4,0.0,0.1,1.2,1.1
1504,1504.0,610.4,0.0,0.2,1.2,1.0
1505,1505.0,610.9,0.0,0.2,0.7,0.5
1506,1506.0,612.0,0.0,0.1,1.2,1.1
1507,1507.0,612.9,0.0,0.0,0.9,0.9
1508,1508.0,613.8,0.0,0.0,0.9,0.9
1509,1509.0,614.7,0.0,0.0,0.9,0.9
1510,1510.0,615.8,0.0,0.2,1.3,1.1
1511,1511.0,617.3,0.0,0.1,1.6,1.5
1512,1512.0,619.4,0.0,0.1,2.2,2.1
1513,1513.0,620.3,0.0,0.1,1.0,0.9
1514,1514.0,621.8,0.0,0.1,1.6,1.5
1515,1515.0,622.6,0.0,0.1,0.9,0.8
1516,1516.0,623.7,0.0,0.0,1.1,1.1
1517,1517.0,624.9,0.0,0.0,1.2,1.2
1518,1518.0,625.9,0.0,0.0,1.0,1.0
1519,1519.0,627.1,0.0,0.1,1.3,1.2
1520,1520.0,628.5,0.0,0.0,1.4,1.4
1521,1521.0,629.4,0.0,0.0,0.9,0.9
1522,1522.0,630.1,0.0,0.0,0.7,0.7
1523,1523.0,631.7,0.0,0.1,1.7,1.6
1524,1524.0,632.3,0.0,0.1,0.7,0.6
1525,1525.0,633.9,0.0,0.1,1.7,1.6
1526,1526.0,635.1,0.1,0.0,1.3,1.2
1527,1527.0,635.8,0.0,0.1,0.8,0.7
1528,1528.0,636.6,0.1,0.1,1.0,0.8
1529,1529.0,637.7,0.0,0.2,1.3,1.1
1530,1530.0,637.9,0.0,0.0,0.2,0.2
1531,1531.0,638.5,0.0,0.3,0.9,0.6
1532,1532.0,639.5,0.0,0.0,1.0,1.0
1533,1533.0,640.2,0.0,0.0,0.7,0.7
1534,1534.0,641.7,0.0,0.1,1.6,1.5
1535,1535.0,642.7,0.0,0.0,1.0,1.0
1536,1536.0,644.0,0.0,0.0,1.3,1.3
1537,1537.0,645.0,0.0,0.0,1.0,1.0
1538,1538.0,645.8,0.0,0.1,0.9,0.8
1539,1539.0,646.6,0.0,0.1,0.9,0.8
1540,1540.0,647.9,0.0,0.0,1.3,1.3
1541,1541.0,648.9,0.0,0.1,1.1,1.0
1542,1542.0,649.7,0.0,0.2,1.0,0.8
1543,1543.0,650.6,0.0,0.2,1.1,0.9
1544,1544.0,652.0,0.0,0.0,1.4,1.4
1545,1545.0,653.0,0.0,0.1,1.1,1.0
1546,1546.0,654.5,0.0,0.0,1.5,1.5
1547,1547.0,655.7,0.0,0.0,1.2,1.2
1548,1548.0,657.1,0.0,0.0,1.4,1.4
1549,1549.0,659.1,0.0,0.0,2.0,2.0
1550,1550.0,660.1,0.0,0.0,1.0,1.0
1551,1551.0,660.8,0.0,0.0,0.7,0.7
1552,1552.0,662.2,0.0,0.0,1.4,1.4
1553,1553.0,663.3,0.0,0.1,1.2,1.1
1554,1554.0,664.4,0.0,0.1,1.2,1.1
1555,1555.0,665.9,0.0,0.0,1.5,1.5
1556,1556.0,667.5,0.0,0.0,1.6,1.6
1557,1557.0,669.1,0.0,0.1,1.7,1.6
1558,1558.0,670.1,0.0,0.3,1.3,1.0
1559,1559.0,672.4,0.0,0.0,2.3,2.3
1560,1560.0,673.7,0.0,0.1,1.4,1.3
1561,1561.0,674.6,0.0,0.0,0.9,0.9
1562,1562.0,675.8,0.0,0.1,1.3,1.2
1563,1563.0,676.8,0.0,0.1,1.1,1.0
1564,1564.0,678.4,0.0,0.0,1.6,1.6
1565,1565.0,679.5,0.0,0.0,1.1,1.1
1566,1566.0,680.8,0.0,0.0,1.3,1.3
1567,1567.0,681.2,0.0,0.2,0.6,0.4
1568,1568.0,682.4,0.0,0.0,1.2,1.2
1569,1569.0,683.5,0.0,0.1,1.2,1.1
1570,1570.0,684.6,0.0,0.1,1.2,1.1
1571,1571.0,685.5,0.0,0.2,1.1,0.9
1572,1572.0,687.0,0.0,0.0,1.5,1.5
1573,1573.0,688.7,0.0,0.0,1.7,1.7
1574,1574.0,689.5,0.0,0.1,0.9,0.8
1575,1575.0,690.8,0.0,0.0,1.3,1.3
1576,1576.0,691.4,0.0,0.2,0.8,0.6
1577,1577.0,692.3,0.0,0.2,1.1,0.9
1578,1578.0,693.9,0.0,0.1,1.7,1.6
1579,1579.0,695.0,0.0,0.0,1.1,1.1
1580,1580.0,695.9,0.0,0.0,0.9,0.9
1581,1581.0,697.0,0.0,0.0,1.1,1.1
1582,1582.0,698.2,0.0,0.1,1.3,1.2
1583,1583.0,699.2,0.0,0.0,1.0,1.0
1584,1584.0,700.6,0.0,0.0,1.4,1.4
1585,1585.0,702.2,0.0,0.0,1.6,1.6
1586,1586.0,703.3,0.0,0.0,1.1,1.1
1587,1587.0,704.4,0.0,0.1,1.2,1.1
1588,1588.0,705.7,0.0,0.0,1.3,1.3
1589,1589.0,706.5,0.0,0.0,0.8,0.8
1590,1590.0,707.9,0.0,0.1,1.5,1.4
1591,1591.0,709.3,0.0,0.0,1.4,1.4
1592,1592.0,710.8,0.0,0.2,1.7,1.5
1593,1593.0,711.8,0.0,0.2,1.2,1.0
1594,1594.0,712.8,0.0,0.1,1.1,1.0
1595,1595.0,713.4,0.0,0.3,0.9,0.6
1596,1596.0,714.9,0.0,0.0,1.5,1.5
1597,1597.0,715.8,0.0,0.1,1.0,0.9
1598,1598.0,716.6,0.0,0.1,0.9,0.8
1599,1599.0,717.3,0.0,0.2,0.9,0.7
1600,1600.0,718.8,0.0,0.1,1.6,1.5
1601,1601.0,720.2,0.0,0.1,1.5,1.4
1602,1602.0,722.2,0.0,0.1,2.1,2.0
1603,1603.0,724.2,0.0,0.0,2.0,2.0
1604,1604.0,725.2,0.0,0.1,1.1,1.0
1605,1605.0,726.3,0.0,0.2,1.3,1.1
1606,1606.0,727.5,0.0,0.0,1.2,1.2
1607,1607.0,729.1,0.0,0.2,1.8,1.6
1608,1608.0,730.5,0.0,0.0,1.4,1.4
1609,1609.0,731.8,0.0,0.0,1.3,1.3
1610,1610.0,733.7,0.0,0.0,1.9,1.9
1611,1611.0,734.6,0.0,0.1,1.0,0.9
1612,1612.0,735.6,0.0,0.0,1.0,1.0
1613,1613.0,736.5,0.0,0.1,1.0,0.9
1614,1614.0,737.6,0.0,0.1,1.2,1.1
1615,1615.0,738.9,0.0,0.1,1.4,1.3
1616,1616.0,740.0,0.0,0.0,1.1,1.1
1617,1617.0,742.0,0.0,0.0,2.0,2.0
1618,1618.0,743.8,0.0,0.1,1.9,1.8
1619,1619.0,744.8,0.0,0.0,1.0,1.0
1620,1620.0,745.9,0.0,0.0,1.1,1.1
1621,1621.0,747.6,0.0,0.1,1.8,1.7
1622,1622.0,748.2,0.0,0.3,0.9,0.6
1623,1623.0,749.9,0.0,0.0,1.7,1.7
1624,1624.0,750.9,0.0,0.0,1.0,1.0
1625,1625.0,752.1,0.0,0.0,1.2,1.2
1626,1626.0,753.1,0.0,0.1,1.1,1.0
1627,1627.0,754.0,0.0,0.0,0.9,0.9
1628,1628.0,755.1,0.0,0.0,1.1,1.1
1629,1629.0,756.6,0.0,0.1,1.6,1.5
1630,1630.0,757.5,0.0,0.3,1.2,0.9
1631,1631.0,759.1,0.0,0.1,1.7,1.6
1632,1632.0,760.4,0.0,0.0,1.3,1.3
1633,1633.0,762.3,0.0,0.0,1.9,1.9
1634,1634.0,763.3,0.1,0.2,1.3,1.0
1635,1635.0,765.1,0.0,0.1,1.9,1.8
1636,1636.0,765.7,0.0,0.3,0.9,0.6
1637,1637.0,766.9,0.0,0.0,1.2,1.2
1638,1638.0,768.3,0.0,0.0,1.4,1.4
1639,1639.0,769.7,0.0,0.1,1.5,1.4
1640,1640.0,771.2,0.0,0.0,1.5,1.5
1641,1641.0,773.0,0.0,0.0,1.8,1.8
1642,1642.0,774.7,0.0,0.0,1.7,1.7
1643,1643.0,775.5,0.0,0.0,0.8,0.8
1644,1644.0,776.6,0.1,0.1,1.3,1.1
1645,1645.0,778.1,0.0,0.2,1.7,1.5
1646,1646.0,779.9,0.0,0.0,1.8,1.8
1647,1647.0,780.7,0.0,0.1,0.9,0.8
1648,1648.0,781.4,0.0,0.0,0.7,0.7
1649,1649.0,782.6,0.0,0.2,1.4,1.2
1650,1650.0,783.9,0.0,0.1,1.4,1.3
1651,1651.0,784.5,0.0,0.1,0.7,0.6
1652,1652.0,786.1,0.0,0.0,1.6,1.6
1653,1653.0,787.7,0.0,0.0,1.6,1.6
1654,1654.0,788.3,0.0,0.0,0.6,0.6
1655,1655.0,789.6,0.0,0.1,1.4,1.3
1656,1656.0,790.5,0.0,0.1,1.0,0.9
1657,1657.0,791.5,0.0,0.2,1.2,1.0
1658,1658.0,792.2,0.0,0.1,0.8,0.7
1659,1659.0,794.1,0.0,0.0,1.9,1.9
1660,1660.0,795.8,0.0,0.0,1.7,1.7
1661,1661.0,797.1,0.0,0.2,1.5,1.3
1662,1662.0,798.0,0.0,0.1,1.0,0.9
1663,1663.0,799.1,0.0,0.0,1.1,1.1
1664,1664.0,801.7,0.0,0.0,2.6,2.6
1665,1665.0,803.1,0.0,0.0,1.4,1.4
1666,1666.0,804.6,0.0,0.0,1.5,1.5
1667,1667.0,806.0,0.0,0.0,1.4,1.4
1668,1668.0,807.8,0.0,0.2,2.0,1.8
1669,1669.0,808.6,0.0,0.0,0.8,0.8
1670,1670.0,809.9,0.0,0.0,1.3,1.3
1671,1671.0,811.2,0.1,0.2,1.6,1.3
1672,1672.0,813.0,0.0,0.0,1.8,1.8
1673,1673.0,814.1,0.0,0.0,1.1,1.1
1674,1674.0,814.9,0.0,0.0,0.8,0.8
1675,1675.0,816.5,0.0,0.2,1.8,1.6
1676,1676.0,818.1,0.1,0.0,1.7,1.6
1677,1677.0,819.7,0.0,0.3,1.9,1.6
1678,1678.0,821.2,0.0,0.0,1.5,1.5
1679,1679.0,822.9,0.0,0.1,1.8,1.7
1680,1680.0,824.0,0.0,0.1,1.2,1.1
1681,1681.0,825.9,0.0,0.0,1.9,1.9
1682,1682.0,826.8,0.0,0.0,0.9,0.9
1683,1683.0,828.1,0.0,0.0,1.3,1.3
1684,1684.0,830.1,0.0,0.1,2.1,2.0
1685,1685.0,832.3,0.0,0.1,2.3,2.2
1686,1686.0,833.5,0.0,0.1,1.3,1.2
1687,1687.0,834.6,0.0,0.0,1.1,1.1
1688,1688.0,836.3,0.0,0.1,1.8,1.7
1689,1689.0,838.3,0.0,0.1,2.1,2.0
1690,1690.0,839.2,0.0,0.0,0.9,0.9
1691,1691.0,839.9,0.0,0.1,0.8,0.7
1692,1692.0,841.4,0.0,0.1,1.6,1.5
1693,1693.0,843.7,0.0,0.1,2.4,2.3
1694,1694.0,845.1,0.1,0.1,1.6,1.4
1695,1695.0,846.3,0.0,0.1,1.3,1.2
1696,1696.0,847.3,0.0,0.0,1.0,1.0
1697,1697.0,849.0,0.0,0.0,1.7,1.7
1698,1698.0,850.2,0.0,0.4,1.6,1.2
1699,1699.0,852.6,0.0,0.0,2.4,2.4
1700,1700.0,853.4,0.0,0.2,1.0,0.8
1701,1701.0,854.8,0.0,0.1,1.5,1.4
1702,1702.0,856.4,0.0,0.1,1.7,1.6
1703,1703.0,857.8,0.0,0.0,1.4,1.4
1704,1704.0,859.5,0.1,0.0,1.8,1.7
1705,1705.0,860.6,0.0,0.2,1.3,1.1
1706,1706.0,862.9,0.0,0.1,2.4,2.3
1707,1707.0,863.5,0.0,0.0,0.6,0.6
1708,1708.0,864.9,0.0,0.0,1.4,1.4
1709,1709.0,866.4,0.0,0.1,1.6,1.5
1710,1710.0,867.8,0.0,0.3,1.7,1.4
1711,1711.0,869.5,0.0,0.0,1.7,1.7
1712,1712.0,871.4,0.0,0.1,2.0,1.9
1713,1713.0,872.8,0.0,0.0,1.4,1.4
1714,1714.0,873.5,0.0,0.1,0.8,0.7
1715,1715.0,875.3,0.0,0.1,1.9,1.8
1716,1716.0,877.3,0.0,0.0,2.0,2.0
1717,1717.0,878.2,0.0,0.2,1.1,0.9
1718,1718.0,879.4,0.0,0.1,1.3,1.2
1719,1719.0,881.1,0.0,0.2,1.9,1.7
1720,1720.0,882.3,0.0,0.0,1.2,1.2
1721,1721.0,883.9,0.0,0.1,1.7,1.6
1722,1722.0,885.6,0.0,0.0,1.7,1.7
1723,1723.0,887.7,0.0,0.1,2.2,2.1
1724,1724.0,889.7,0.0,0.1,2.1,2.0
1725,1725.0,890.9,0.0,0.0,1.2,1.2
1726,1726.0,893.0,0.0,0.2,2.3,2.1
1727,1727.0,894.6,0.0,0.0,1.6,1.6
1728,1728.0,896.1,0.0,0.1,1.6,1.5
1729,1729.0,898.3,0.0,0.0,2.2,2.2
1730,1730.0,899.7,0.0,0.1,1.5,1.4
1731,1731.0,901.2,0.0,0.0,1.5,1.5
1732,1732.0,903.4,0.0,0.0,2.2,2.2
1733,1733.0,905.0,0.0,0.0,1.6,1.6
1734,1734.0,907.0,0.0,0.1,2.1,2.0
1735,1735.0,908.2,0.0,0.0,1.2,1.2
1736,1736.0,909.6,0.0,0.1,1.5,1.4
1737,1737.0,910.9,0.0,0.1,1.4,1.3
1738,1738.0,912.2,0.0,0.0,1.3,1.3
1739,1739.0,913.1,0.0,0.2,1.1,0.9
1740,1740.0,915.5,0.0,0.0,2.4,2.4
1741,1741.0,917.8,0.0,0.2,2.5,2.3
1742,1742.0,919.2,0.0,0.1,1.5,1.4
1743,1743.0,920.8,0.0,0.0,1.6,1.6
1744,1744.0,922.4,0.0,0.1,1.7,1.6
1745,1745.0,923.6,0.1,0.1,1.4,1.2
1746,1746.0,925.1,0.0,0.0,1.5,1.5
1747,1747.0,927.2,0.0,0.1,2.2,2.1
1748,1748.0,929.0,0.0,0.0,1.8,1.8
1749,1749.0,930.2,0.0,0.0,1.2,1.2
1750,1750.0,931.8,0.0,0.1,1.7,1.6
1751,1751.0,934.2,0.0,0.1,2.5,2.4
1752,1752.0,935.4,0.0,0.1,1.3,1.2
1753,1753.0,936.6,0.0,0.0,1.2,1.2
1754,1754.0,939.1,0.0,0.1,2.6,2.5
1755,1755.0,940.9,0.0,0.0,1.8,1.8
1756,1756.0,942.5,0.0,0.0,1.6,1.6
1757,1757.0,944.8,0.0,0.2,2.5,2.3
1758,1758.0,946.2,0.0,0.1,1.5,1.4
1759,1759.0,947.3,0.1,0.0,1.2,1.1
1760,1760.0,949.8,0.0,0.2,2.7,2.5
1761,1761.0,951.5,0.0,0.0,1.7,1.7
1762,1762.0,953.0,0.0,0.3,1.8,1.5
1763,1763.0,954.6,0.0,0.2,1.8,1.6
1764,1764.0,956.0,0.0,0.1,1.5,1.4
1765,1765.0,958.0,0.0,0.0,2.0,2.0
1766,1766.0,959.6,0.0,0.1,1.7,1.6
1767,1767.0,961.1,0.1,0.1,1.7,1.5
1768,1768.0,962.6,0.0,0.3,1.8,1.5
1769,1769.0,964.9,0.0,0.3,2.6,2.3
1770,1770.0,966.7,0.0,0.2,2.0,1.8
1771,1771.0,968.8,0.0,0.0,2.1,2.1
1772,1772.0,970.6,0.0,0.1,1.9,1.8
1773,1773.0,972.1,0.0,0.1,1.6,1.5
1774,1774.0,974.3,0.0,0.2,2.4,2.2
1775,1775.0,976.1,0.0,0.1,1.9,1.8
1776,1776.0,978.4,0.0,0.1,2.4,2.3
1777,1777.0,980.1,0.0,0.1,1.8,1.7
1778,1778.0,981.9,0.0,0.2,2.0,1.8
1779,1779.0,983.3,0.0,0.2,1.6,1.4
1780,1780.0,984.6,0.0,0.0,1.3,1.3
1781,1781.0,986.0,0.0,0.1,1.5,1.4
1782,1782.0,988.1,0.0,0.0,2.1,2.1
1783,1783.0,990.3,0.0,0.0,2.2,2.2
1784,1784.0,992.3,0.0,0.2,2.2,2.0
1785,1785.0,993.8,0.0,0.0,1.5,1.5
1786,1786.0,995.7,0.0,0.0,1.9,1.9
1787,1787.0,997.3,0.0,0.1,1.7,1.6
1788,1788.0,998.2,0.0,0.0,0.9,0.9
1789,1789.0,998.8,0.0,0.5,1.1,0.6
1790,1790.0,1000.1,0.0,0.0,1.3,1.3
1791,1791.0,1001.7,0.0,0.0,1.6,1.6
1792,1792.0,1003.3,0.0,0.1,1.7,1.6
1793,1793.0,1004.9,0.0,0.0,1.6,1.6
1794,1794.0,1006.6,0.0,0.0,1.7,1.7
1795,1795.0,1008.7,0.0,0.0,2.1,2.1
1796,1796.0,1010.1,0.0,0.1,1.5,1.4
1797,1797.0,1011.4,0.0,0.2,1.5,1.3
1798,1798.0,1013.2,0.0,0.0,1.8,1.8
1799,1799.0,1014.3,0.0,0.2,1.3,1.1
1800,1800.0,1015.8,0.0,0.0,1.5,1.5
1801,1801.0,1016.9,0.0,0.2,1.3,1.1
1802,1802.0,1018.3,0.0,0.1,1.5,1.4
1803,1803.0,1020.5,0.0,0.1,2.3,2.2
1804,1804.0,1023.0,0.0,0.0,2.5,2.5
1805,1805.0,1024.5,0.1,0.4,2.0,1.5
1806,1806.0,1026.3,0.0,0.1,1.9,1.8
1807,1807.0,1028.4,0.0,0.0,2.1,2.1
1808,1808.0,1029.8,0.0,0.1,1.5,1.4
1809,1809.0,1031.9,0.0,0.1,2.2,2.1
1810,1810.0,1034.7,0.0,0.0,2.8,2.8
1811,1811.0,1036.2,0.0,0.1,1.6,1.5
1812,1812.0,1038.8,0.0,0.0,2.6,2.6
1813,1813.0,1040.3,0.0,0.4,1.9,1.5
1814,1814.0,1042.4,0.0,0.0,2.1,2.1
1815,1815.0,1044.2,0.0,0.3,2.1,1.8
1816,1816.0,1046.3,0.0,0.1,2.2,2.1
1817,1817.0,1047.8,0.0,0.2,1.7,1.5
1818,1818.0,1050.2,0.0,0.1,2.5,2.4
1819,1819.0,1052.0,0.0,0.1,1.9,1.8
1820,1820.0,1054.1,0.0,0.0,2.1,2.1
1821,1821.0,1056.2,0.0,0.0,2.1,2.1
1822,1822.0,1058.0,0.0,0.0,1.8,1.8
1823,1823.0,1059.7,0.0,0.0,1.7,1.7
1824,1824.0,1061.4,0.0,0.1,1.8,1.7
1825,1825.0,1063.5,0.0,0.2,2.3,2.1
1826,1826.0,1065.0,0.0,0.3,1.8,1.5
1827,1827.0,1067.0,0.0,0.0,2.0,2.0
1828,1828.0,1069.1,0.0,0.4,2.5,2.1
1829,1829.0,1070.7,0.0,0.0,1.6,1.6
1830,1830.0,1072.5,0.0,0.1,1.9,1.8
1831,1831.0,1073.9,0.0,0.2,1.6,1.4
1832,1832.0,1075.4,0.0,0.1,1.6,1.5
1833,1833.0,1076.8,0.0,0.4,1.8,1.4
1834,1834.0,1078.7,0.0,0.1,2.0,1.9
1835,1835.0,1080.4,0.0,0.1,1.8,1.7
1836,1836.0,1082.0,0.0,0.0,1.6,1.6
1837,1837.0,1083.9,0.0,0.2,2.1,1.9
1838,1838.0,1085.1,0.0,0.0,1.2,1.2
1839,1839.0,1086.9,0.0,0.2,2.0,1.8
1840,1840.0,1088.8,0.0,0.1,2.0,1.9
1841,1841.0,1090.1,0.0,0.1,1.4,1.3
1842,1842.0,1092.6,0.0,0.1,2.6,2.5
1843,1843.0,1094.7,0.0,0.0,2.1,2.1
1844,1844.0,1096.2,0.0,0.1,1.6,1.5
1845,1845.0,1097.8,0.0,0.0,1.6,1.6
1846,1846.0,1099.2,0.0,0.2,1.6,1.4
1847,1847.0,1101.3,0.0,0.1,2.2,2.1
1848,1848.0,1103.5,0.0,0.2,2.4,2.2
1849,1849.0,1105.1,0.0,0.1,1.7,1.6
1850,1850.0,1107.2,0.0,0.0,2.1,2.1
1851,1851.0,1110.1,0.0,0.0,2.9,2.9
1852,1852.0,1111.9,0.0,0.1,1.9,1.8
1853,1853.0,1113.2,0.0,0.1,1.4,1.3
1854,1854.0,1114.6,0.0,0.0,1.4,1.4
1855,1855.0,1116.9,0.0,0.0,2.3,2.3
1856,1856.0,1118.6,0.0,0.0,1.7,1.7
1857,1857.0,1121.2,0.0,0.2,2.8,2.6
1858,1858.0,1122.4,0.0,0.3,1.5,1.2
1859,1859.0,1124.0,0.0,0.2,1.8,1.6
1860,1860.0,1126.2,0.0,0.1,2.3,2.2
1861,1861.0,1128.0,0.0,0.2,2.0,1.8
1862,1862.0,1130.1,0.0,0.2,2.3,2.1
1863,1863.0,1132.0,0.0,0.0,1.9,1.9
1864,1864.0,1134.6,0.0,0.0,2.6,2.6
1865,1865.0,1136.6,0.0,0.2,2.2,2.0
1866,1866.0,1138.4,0.0,0.1,1.9,1.8
1867,1867.0,1140.1,0.0,0.2,1.9,1.7
1868,1868.0,1142.1,0.0,0.0,2.0,2.0
1869,1869.0,1143.6,0.0,0.1,1.6,1.5
1870,1870.0,1144.9,0.0,0.1,1.4,1.3
1871,1871.0,1147.6,0.0,0.2,2.9,2.7
1872,1872.0,1149.0,0.0,0.3,1.7,1.4
1873,1873.0,1151.9,0.0,0.0,2.9,2.9
1874,1874.0,1154.0,0.0,0.1,2.2,2.1
1875,1875.0,1155.5,0.1,0.1,1.7,1.5
1876,1876.0,1157.9,0.0,0.1,2.5,2.4
1877,1877.0,1159.3,0.1,0.0,1.5,1.4
1878,1878.0,1161.7,0.0,0.1,2.5,2.4
1879,1879.0,1164.7,0.0,0.1,3.1,3.0
1880,1880.0,1166.8,0.0,0.2,2.3,2.1
1881,1881.0,1168.9,0.1,0.1,2.3,2.1
1882,1882.0,1169.8,0.0,0.2,1.1,0.9
1883,1883.0,1171.5,0.0,0.4,2.1,1.7
1884,1884.0,1173.6,0.1,0.2,2.4,2.1
1885,1885.0,1175.1,0.0,0.4,1.9,1.5
1886,1886.0,1176.6,0.0,0.3,1.8,1.5
1887,1887.0,1179.1,0.1,0.0,2.6,2.5
1888,1888.0,1181.3,0.0,0.0,2.2,2.2
1889,1889.0,1182.6,0.0,0.1,1.4,1.3
1890,1890.0,1184.6,0.0,0.1,2.1,2.0
1891,1891.0,1186.9,0.0,0.1,2.4,2.3
1892,1892.0,1188.4,0.0,0.4,1.9,1.5
1893,1893.0,1190.6,0.0,0.0,2.2,2.2
1894,1894.0,1192.8,0.0,0.1,2.3,2.2
1895,1895.0,1194.9,0.0,0.1,2.2,2.1
1896,1896.0,1196.0,0.0,0.5,1.6,1.1
1897,1897.0,1197.7,0.0,0.5,2.2,1.7
1898,1898.0,1200.2,0.0,0.1,2.6,2.5
1899,1899.0,1202.7,0.0,0.1,2.6,2.5
1900,1900.0,1204.1,0.0,0.2,1.6,1.4
1901,1901.0,1206.4,0.0,0.2,2.5,2.3
1902,1902.0,1208.6,0.1,0.1,2.4,2.2
1903,1903.0,1210.2,0.0,0.2,1.8,1.6
1904,1904.0,1212.5,0.0,0.0,2.3,2.3
1905,1905.0,1214.3,0.0,0.0,1.8,1.8
1906,1906.0,1215.7,0.0,0.2,1.6,1.4
1907,1907.0,1218.1,0.0,0.1,2.5,2.4
1908,1908.0,1220.5,0.0,0.0,2.4,2.4
1909,1909.0,1222.2,0.0,0.1,1.8,1.7
1910,1910.0,1224.0,0.0,0.0,1.8,1.8
1911,1911.0,1225.9,0.0,0.1,2.0,1.9
1912,1912.0,1227.2,0.0,0.3,1.6,1.3
1913,1913.0,1230.4,0.0,0.1,3.3,3.2
1914,1914.0,1232.2,0.0,0.2,2.0,1.8
1915,1915.0,1234.4,0.0,0.1,2.3,2.2
1916,1916.0,1236.5,0.0,0.2,2.3,2.1
1917,1917.0,1239.2,0.0,0.0,2.7,2.7
1918,1918.0,1240.4,0.1,0.1,1.4,1.2
1919,1919.0,1242.6,0.0,0.1,2.3,2.2
1920,1920.0,1244.2,0.0,0.2,1.8,1.6
1921,1921.0,1247.3,0.0,0.1,3.2,3.1
1922,1922.0,1249.4,0.0,0.1,2.2,2.1
1923,1923.0,1251.9,0.0,0.1,2.6,2.5
1924,1924.0,1252.8,0.0,0.3,1.2,0.9
1925,1925.0,1255.2,0.0,0.2,2.6,2.4
1926,1926.0,1257.4,0.1,0.0,2.3,2.2
1927,1927.0,1259.4,0.0,0.2,2.2,2.0
1928,1928.0,1261.4,0.0,0.2,2.2,2.0
1929,1929.0,1263.3,0.0,0.1,2.0,1.9
1930,1930.0,1265.4,0.1,0.1,2.3,2.1
1931,1931.0,1268.3,0.1,0.3,3.3,2.9
1932,1932.0,1270.9,0.0,0.0,2.6,2.6
1933,1933.0,1272.8,0.0,0.2,2.1,1.9
1934,1934.0,1274.9,0.0,0.0,2.1,2.1
1935,1935.0,1277.4,0.0,0.1,2.6,2.5
1936,1936.0,1279.2,0.0,0.2,2.0,1.8
1937,1937.0,1281.5,0.1,0.1,2.5,2.3
1938,1938.0,1283.6,0.0,0.0,2.1,2.1
1939,1939.0,1286.0,0.0,0.1,2.5,2.4
1940,1940.0,1289.1,0.0,0.1,3.2,3.1
1941,1941.0,1290.7,0.0,0.3,1.9,1.6
1942,1942.0,1294.0,0.0,0.1,3.4,3.3
1943,1943.0,1296.4,0.0,0.0,2.4,2.4
1944,1944.0,1298.2,0.0,0.3,2.1,1.8
1945,1945.0,1299.3,0.0,0.3,1.4,1.1
1946,1946.0,1302.5,0.0,0.0,3.2,3.2
1947,1947.0,1304.2,0.1,0.2,2.0,1.7
1948,1948.0,1306.4,0.0,0.0,2.2,2.2
1949,1949.0,1309.5,0.0,0.1,3.2,3.1
1950,1950.0,1311.6,0.0,0.1,2.2,2.1
1951,1951.0,1313.8,0.0,0.3,2.5,2.2
1952,1952.0,1315.9,0.0,0.1,2.2,2.1
1953,1953.0,1317.8,0.0,0.1,2.0,1.9
1954,1954.0,1319.4,0.1,0.0,1.7,1.6
1955,1955.0,1321.8,0.0,0.0,2.4,2.4
1956,1956.0,1324.0,0.0,0.2,2.4,2.2
1957,1957.0,1327.3,0.0,0.1,3.4,3.3
1958,1958.0,1330.5,0.0,0.2,3.4,3.2
1959,1959.0,1333.3,0.0,0.0,2.8,2.8
1960,1960.0,1336.6,0.1,0.2,3.6,3.3
1961,1961.0,1337.8,0.0,0.3,1.5,1.2
1962,1962.0,1339.4,0.0,0.2,1.8,1.6
1963,1963.0,1342.5,0.0,0.0,3.1,3.1
1964,1964.0,1345.3,0.0,0.0,2.8,2.8
1965,1965.0,1348.6,0.0,0.0,3.3,3.3
1966,1966.0,1350.4,0.0,0.1,1.9,1.8
1967,1967.0,1353.1,0.0,0.0,2.7,2.7
1968,1968.0,1355.3,0.0,0.2,2.4,2.2
1969,1969.0,1358.2,0.1,0.0,3.0,2.9
1970,1970.0,1360.1,0.0,0.1,2.0,1.9
1971,1971.0,1361.9,0.0,0.0,1.8,1.8
1972,1972.0,1364.3,0.0,0.1,2.5,2.4
1973,1973.0,1366.4,0.0,0.1,2.2,2.1
1974,1974.0,1368.5,0.1,0.1,2.3,2.1
1975,1975.0,1370.5,0.0,0.0,2.0,2.0
1976,1976.0,1372.9,0.0,0.1,2.5,2.4
1977,1977.0,1374.7,0.0,0.0,1.8,1.8
1978,1978.0,1377.4,0.0,0.2,2.9,2.7
1979,1979.0,1380.3,0.0,0.1,3.0,2.9
1980,1980.0,1383.1,0.0,0.1,2.9,2.8
1981,1981.0,1385.8,0.0,0.0,2.7,2.7
1982,1982.0,1387.1,0.0,0.2,1.5,1.3
1983,1983.0,1388.9,0.1,0.1,2.0,1.8
1984,1984.0,1390.6,0.0,0.3,2.0,1.7
1985,1985.0,1392.6,0.0,0.3,2.3,2.0
1986,1986.0,1395.4,0.0,0.2,3.0,2.8
1987,1987.0,1397.5,0.0,0.2,2.3,2.1
1988,1988.0,1399.7,0.0,0.0,2.2,2.2
1989,1989.0,1402.5,0.0,0.4,3.2,2.8
1990,1990.0,1405.7,0.0,0.3,3.5,3.2
1991,1991.0,1408.0,0.0,0.1,2.4,2.3
1992,1992.0,1410.7,0.0,0.1,2.8,2.7
1993,1993.0,1413.4,0.0,0.1,2.8,2.7
1994,1994.0,1416.1,0.0,0.0,2.7,2.7
1995,1995.0,1418.7,0.0,0.0,2.6,2.6
1996,1996.0,1420.8,0.0,0.1,2.2,2.1
1997,1997.0,1424.0,0.0,0.1,3.3,3.2
1998,1998.0,1426.4,0.1,0.2,2.7,2.4
1999,1999.0,1428.8,0.0,0.1,2.5,2.4
2000,2000.0,1432.1,0.0,0.1,3.4,3.3
2001,2001.0,1434.4,0.0,0.3,2.6,2.3
2002,2002.0,1436.9,0.0,0.0,2.5,2.5
2003,2003.0,1438.9,0.0,0.1,2.1,2.0
2004,2004.0,1441.8,0.0,0.3,3.2,2.9
2005,2005.0,1444.5,0.0,0.0,2.7,2.7
2006,2006.0,1447.1,0.0,0.1,2.7,2.6
2007,2007.0,1449.5,0.0,0.0,2.4,2.4
2008,2008.0,1451.5,0.0,0.2,2.2,2.0
2009,2009.0,1453.8,0.0,0.2,2.5,2.3
2010,2010.0,1456.3,0.0,0.5,3.0,2.5
2011,2011.0,1458.5,0.0,0.1,2.3,2.2
2012,2012.0,1461.1,0.0,0.3,2.9,2.6
2013,2013.0,1463.7,0.0,0.1,2.7,2.6
2014,2014.0,1466.5,0.0,0.3,3.1,2.8
2015,2015.0,1469.4,0.0,0.2,3.1,2.9
2016,2016.0,1471.9,0.0,0.2,2.7,2.5
2017,2017.0,1475.2,0.0,0.1,3.4,3.3
2018,2018.0,1478.0,0.0,0.0,2.8,2.8
2019,2019.0,1480.4,0.0,0.0,2.4,2.4
2020,2020.0,1482.3,0.0,0.1,2.0,1.9
2021,2021.0,1485.7,0.0,0.2,3.6,3.4
2022,2022.0,1488.2,0.0,0.4,2.9,2.5
2023,2023.0,1490.5,0.0,0.1,2.4,2.3
2024,2024.0,1493.0,0.1,0.0,2.6,2.5
2025,2025.0,1495.4,0.0,0.1,2.5,2.4
2026,2026.0,1498.3,0.0,0.1,3.0,2.9
2027,2027.0,1500.9,0.0,0.2,2.8,2.6
2028,2028.0,1503.9,0.0,0.1,3.1,3.0
2029,2029.0,1506.1,0.0,0.0,2.2,2.2
2030,2030.0,1508.3,0.0,0.0,2.2,2.2
2031,2031.0,1509.5,0.0,0.7,1.9,1.2
2032,2032.0,1511.2,0.0,0.2,1.9,1.7
2033,2033.0,1513.8,0.0,0.1,2.7,2.6
2034,2034.0,1517.0,0.0,0.1,3.3,3.2
2035,2035.0,1520.0,0.0,0.2,3.2,3.0
2036,2036.0,1522.2,0.0,0.2,2.4,2.2
2037,2037.0,1524.8,0.0,0.4,3.0,2.6
2038,2038.0,1527.2,0.0,0.2,2.6,2.4
2039,2039.0,1529.7,0.0,0.3,2.8,2.5
2040,2040.0,1531.9,0.0,0.0,2.2,2.2
2041,2041.0,1535.0,0.0,0.0,3.1,3.1
2042,2042.0,1536.9,0.0,0.0,1.9,1.9
2043,2043.0,1538.7,0.0,0.4,2.2,1.8
2044,2044.0,1541.7,0.0,0.1,3.1,3.0
2045,2045.0,1544.3,0.0,0.2,2.8,2.6
2046,2046.0,1546.8,0.0,0.0,2.5,2.5
2047,2047.0,1550.0,0.0,0.1,3.3,3.2
2048,2048.0,1552.4,0.0,0.1,2.5,2.4
2049,2049.0,1554.7,0.0,0.2,2.5,2.3
2050,2050.0,1557.1,0.0,0.2,2.6,2.4
2051,2051.0,1559.5,0.0,0.2,2.6,2.4
2052,2052.0,1562.3,0.0,0.0,2.8,2.8
2053,2053.0,1565.0,0.1,0.1,2.9,2.7
2054,2054.0,1567.3,0.0,0.4,2.7,2.3
2055,2055.0,1568.6,0.0,0.1,1.4,1.3
2056,2056.0,1571.8,0.0,0.2,3.4,3.2
2057,2057.0,1574.1,0.0,0.3,2.6,2.3
2058,2058.0,1576.7,0.0,0.3,2.9,2.6
2059,2059.0,1578.9,0.0,0.2,2.4,2.2
2060,2060.0,1581.3,0.0,0.2,2.6,2.4
2061,2061.0,1583.6,0.0,0.3,2.6,2.3
2062,2062.0,1587.4,0.1,0.3,4.2,3.8
2063,2063.0,1589.1,0.1,0.3,2.1,1.7
2064,2064.0,1591.3,0.0,0.2,2.4,2.2
2065,2065.0,1594.3,0.0,0.2,3.2,3.0
2066,2066.0,1597.1,0.0,0.1,2.9,2.8
2067,2067.0,1600.9,0.0,0.0,3.8,3.8
2068,2068.0,1603.9,0.0,0.2,3.2,3.0
2069,2069.0,1606.4,0.0,0.2,2.7,2.5
2070,2070.0,1609.7,0.0,0.1,3.4,3.3
2071,2071.0,1611.7,0.0,0.1,2.1,2.0
2072,2072.0,1615.2,0.0,0.1,3.6,3.5
2073,2073.0,1618.1,0.0,0.3,3.2,2.9
2074,2074.0,1621.9,0.0,0.3,4.1,3.8
2075,2075.0,1624.4,0.0,0.2,2.7,2.5
2076,2076.0,1626.9,0.0,0.1,2.6,2.5
2077,2077.0,1628.7,0.0,0.2,2.0,1.8
2078,2078.0,1630.8,0.0,0.3,2.4,2.1
2079,2079.0,1633.1,0.0,0.4,2.7,2.3
2080,2080.0,1635.9,0.0,0.2,3.0,2.8
2081,2081.0,1638.2,0.0,0.1,2.4,2.3
2082,2082.0,1641.0,0.0,0.1,2.9,2.8
2083,2083.0,1643.9,0.0,0.2,3.1,2.9
2084,2084.0,1647.0,0.0,0.1,3.2,3.1
2085,2085.0,1650.7,0.0,0.0,3.7,3.7
2086,2086.0,1653.7,0.0,0.2,3.2,3.0
2087,2087.0,1656.4,0.0,0.3,3.0,2.7
2088,2088.0,1659.1,0.0,0.4,3.1,2.7
2089,2089.0,1662.2,0.0,0.2,3.3,3.1
2090,2090.0,1664.6,0.0,0.3,2.7,2.4
2091,2091.0,1668.7,0.0,0.0,4.1,4.1
2092,2092.0,1671.3,0.0,0.2,2.8,2.6
2093,2093.0,1675.0,0.0,0.2,3.9,3.7
2094,2094.0,1676.7,0.0,0.5,2.2,1.7
2095,2095.0,1679.1,0.0,0.0,2.4,2.4
2096,2096.0,1682.3,0.1,0.7,4.0,3.2
2097,2097.0,1684.6,0.0,0.6,2.9,2.3
2098,2098.0,1687.5,0.0,0.0,2.9,2.9
2099,2099.0,1690.8,0.1,0.0,3.4,3.3
2100,2100.0,1693.9,0.0,0.1,3.2,3.1
2101,2101.0,1696.8,0.0,0.3,3.2,2.9
2102,2102.0,1699.4,0.0,0.3,2.9,2.6
2103,2103.0,1702.8,0.0,0.0,3.4,3.4
2104,2104.0,1705.6,0.1,0.2,3.1,2.8
2105,2105.0,1708.8,0.0,0.1,3.3,3.2
2106,2106.0,1712.0,0.0,0.1,3.3,3.2
2107,2107.0,1714.7,0.0,0.2,2.9,2.7
2108,2108.0,1717.5,0.1,0.3,3.2,2.8
2109,2109.0,1721.4,0.0,0.0,3.9,3.9
2110,2110.0,1723.7,0.0,0.0,2.3,2.3
2111,2111.0,1727.4,0.0,0.0,3.7,3.7
2112,2112.0,1731.4,0.0,0.4,4.4,4.0
2113,2113.0,1734.5,0.0,0.2,3.3,3.1
2114,2114.0,1737.5,0.0,0.5,3.5,3.0
2115,2115.0,1740.9,0.0,0.2,3.6,3.4
2116,2116.0,1743.1,0.0,0.2,2.4,2.2
2117,2117.0,1745.6,0.0,0.1,2.6,2.5
2118,2118.0,1748.7,0.0,0.3,3.4,3.1
2119,2119.0,1752.3,0.0,0.1,3.7,3.6
2120,2120.0,1755.5,0.0,0.2,3.4,3.2
2121,2121.0,1758.4,0.0,0.0,2.9,2.9
2122,2122.0,1762.5,0.0,0.2,4.3,4.1
2123,2123.0,1765.4,0.0,0.4,3.3,2.9
2124,2124.0,1767.8,0.0,0.1,2.5,2.4
2125,2125.0,1769.8,0.0,0.3,2.3,2.0
2126,2126.0,1772.5,0.0,0.1,2.8,2.7
2127,2127.0,1774.6,0.1,0.4,2.6,2.1
2128,2128.0,1778.2,0.0,0.1,3.7,3.6
2129,2129.0,1780.6,0.1,0.2,2.7,2.4
2130,2130.0,1784.2,0.0,0.0,3.6,3.6
2131,2131.0,1787.3,0.0,0.1,3.2,3.1
2132,2132.0,1789.9,0.0,0.1,2.7,2.6
2133,2133.0,1793.5,0.0,0.1,3.7,3.6
2134,2134.0,1796.6,0.0,0.4,3.5,3.1
2135,2135.0,1799.7,0.0,0.1,3.2,3.1
2136,2136.0,1802.1,0.0,0.2,2.6,2.4
2137,2137.0,1805.2,0.0,0.1,3.2,3.1
2138,2138.0,1808.3,0.0,0.1,3.2,3.1
2139,2139.0,1811.5,0.0,0.1,3.3,3.2
2140,2140.0,1815.4,0.0,0.6,4.5,3.9
2141,2141.0,1818.0,0.0,0.3,2.9,2.6
2142,2142.0,1821.4,0.0,0.4,3.8,3.4
2143,2143.0,1824.5,0.0,0.3,3.4,3.1
2144,2144.0,1828.1,0.0,0.0,3.6,3.6
2145,2145.0,1831.0,0.0,0.2,3.1,2.9
2146,2146.0,1834.7,0.0,0.0,3.7,3.7
2147,2147.0,1837.4,0.0,0.2,2.9,2.7
2148,2148.0,1840.8,0.0,0.3,3.7,3.4
2149,2149.0,1844.3,0.0,0.0,3.5,3.5
2150,2150.0,1847.8,0.0,0.2,3.7,3.5
2151,2151.0,1851.3,0.0,0.2,3.7,3.5
2152,2152.0,1853.7,0.0,0.2,2.6,2.4
2153,2153.0,1857.0,0.0,0.2,3.5,3.3
2154,2154.0,1860.0,0.0,0.3,3.3,3.0
2155,2155.0,1863.4,0.0,0.0,3.4,3.4
2156,2156.0,1866.5,0.0,0.2,3.3,3.1
2157,2157.0,1869.4,0.0,0.1,3.0,2.9
2158,2158.0,1872.8,0.0,0.1,3.5,3.4
2159,2159.0,1876.2,0.0,0.4,3.8,3.4
2160,2160.0,1879.4,0.0,0.3,3.5,3.2
2161,2161.0,1882.5,0.0,0.0,3.1,3.1
2162,2162.0,1885.3,0.0,0.2,3.0,2.8
2163,2163.0,1888.7,0.0,0.3,3.7,3.4
2164,2164.0,1890.6,0.1,0.3,2.3,1.9
2165,2165.0,1893.5,0.0,0.4,3.3,2.9
2166,2166.0,1897.7,0.0,0.3,4.5,4.2
2167,2167.0,1901.0,0.0,0.0,3.3,3.3
2168,2168.0,1904.2,0.0,0.2,3.4,3.2
2169,2169.0,1907.9,0.0,0.1,3.8,3.7
2170,2170.0,1911.5,0.1,0.1,3.8,3.6
2171,2171.0,1914.6,0.0,0.1,3.2,3.1
2172,2172.0,1918.8,0.0,0.2,4.4,4.2
2173,2173.0,1922.0,0.0,0.1,3.3,3.2
2174,2174.0,1926.1,0.0,0.0,4.1,4.1
2175,2175.0,1930.3,0.0,0.3,4.5,4.2
2176,2176.0,1933.1,0.0,0.1,2.9,2.8
2177,2177.0,1935.7,0.0,0.3,2.9,2.6
2178,2178.0,1938.5,0.0,0.2,3.0,2.8
2179,2179.0,1941.4,0.1,0.4,3.4,2.9
2180,2180.0,1945.4,0.0,0.4,4.4,4.0
2181,2181.0,1949.0,0.0,0.2,3.8,3.6
2182,2182.0,1951.9,0.0,0.3,3.2,2.9
2183,2183.0,1956.2,0.0,0.1,4.4,4.3
2184,2184.0,1960.1,0.0,0.0,3.9,3.9
2185,2185.0,1963.9,0.0,0.1,3.9,3.8
2186,2186.0,1967.1,0.0,0.0,3.2,3.2
2187,2187.0,1970.6,0.0,0.2,3.7,3.5
2188,2188.0,1972.4,0.1,0.3,2.2,1.8
2189,2189.0,1975.8,0.1,0.2,3.7,3.4
